Run,AGE,Assay Type,AvgSpotLen,Bases,BioProject,BioSample,Bytes,Center Name,Consent,DATASTORE filetype,DATASTORE provider,DATASTORE region,Experiment,Genotype,GEO_Accession (exp),Instrument,LibraryLayout,LibrarySelection,LibrarySource,Organism,Platform,ReleaseDate,Sample Name,source_name,SRA Study,Strain,tissue
SRR5604870,adult mice,RNA-Seq,43,25820124,PRJNA388076,SAMN07168216,20760238,GEO,public,"fastq,sra","gs,ncbi,s3","gs.US,ncbi.public,s3.us-east-1",SRX2857464,SM22-Cre;Rosa26-stop-tdTomato,GSM2631429,Illumina HiSeq 2000,SINGLE,cDNA,TRANSCRIPTOMIC,Mus musculus,ILLUMINA,2017-12-13T00:00:00Z,GSM2631429,Brain,SRP108034,C57BL/6,brain
SRR5604871,adult mice,RNA-Seq,43,26197492,PRJNA388076,SAMN07168215,21064455,GEO,public,"fastq,sra","gs,ncbi,s3","gs.US,ncbi.public,s3.us-east-1",SRX2857465,SM22-Cre;Rosa26-stop-tdTomato,GSM2631430,Illumina HiSeq 2000,SINGLE,cDNA,TRANSCRIPTOMIC,Mus musculus,ILLUMINA,2017-12-13T00:00:00Z,GSM2631430,Brain,SRP108034,C57BL/6,brain
SRR5604872,adult mice,RNA-Seq,43,15960998,PRJNA388076,SAMN07168214,12926528,GEO,public,"fastq,sra","gs,ncbi,s3","gs.US,ncbi.public,s3.us-east-1",SRX2857466,SM22-Cre;Rosa26-stop-tdTomato,GSM2631431,Illumina HiSeq 2000,SINGLE,cDNA,TRANSCRIPTOMIC,Mus musculus,ILLUMINA,2017-12-13T00:00:00Z,GSM2631431,Brain,SRP108034,C57BL/6,brain
SRR5604873,adult mice,RNA-Seq,43,21699821,PRJNA388076,SAMN07168213,17518498,GEO,public,"fastq,sra","gs,ncbi,s3","gs.US,ncbi.public,s3.us-east-1",SRX2857467,SM22-Cre;Rosa26-stop-tdTomato,GSM2631432,Illumina HiSeq 2000,SINGLE,cDNA,TRANSCRIPTOMIC,Mus musculus,ILLUMINA,2017-12-13T00:00:00Z,GSM2631432,Brain,SRP108034,C57BL/6,brain
SRR5604874,adult mice,RNA-Seq,43,15079541,PRJNA388076,SAMN07168212,12562837,GEO,public,"fastq,sra","gs,ncbi,s3","gs.US,ncbi.public,s3.us-east-1",SRX2857468,SM22-Cre;Rosa26-stop-tdTomato,GSM2631433,Illumina HiSeq 2000,SINGLE,cDNA,TRANSCRIPTOMIC,Mus musculus,ILLUMINA,2017-12-13T00:00:00Z,GSM2631433,Brain,SRP108034,C57BL/6,brain
SRR5604875,adult mice,RNA-Seq,43,21091586,PRJNA388076,SAMN07168211,17011873,GEO,public,"fastq,sra","gs,ncbi,s3","gs.US,ncbi.public,s3.us-east-1",SRX2857469,SM22-Cre;Rosa26-stop-tdTomato,GSM2631434,Illumina HiSeq 2000,SINGLE,cDNA,TRANSCRIPTOMIC,Mus musculus,ILLUMINA,2017-12-13T00:00:00Z,GSM2631434,Brain,SRP108034,C57BL/6,brain
SRR5604876,adult mice,RNA-Seq,43,14730467,PRJNA388076,SAMN07168210,11931273,GEO,public,"fastq,sra","gs,ncbi,s3","gs.US,ncbi.public,s3.us-east-1",SRX2857470,SM22-Cre;Rosa26-stop-tdTomato,GSM2631435,Illumina HiSeq 2000,SINGLE,cDNA,TRANSCRIPTOMIC,Mus musculus,ILLUMINA,2017-12-13T00:00:00Z,GSM2631435,Brain,SRP108034,C57BL/6,brain
SRR5604877,adult mice,RNA-Seq,43,21109990,PRJNA388076,SAMN07168209,17042292,GEO,public,"fastq,sra","gs,ncbi,s3","gs.US,ncbi.public,s3.us-east-1",SRX2857471,SM22-Cre;Rosa26-stop-tdTomato,GSM2631436,Illumina HiSeq 2000,SINGLE,cDNA,TRANSCRIPTOMIC,Mus musculus,ILLUMINA,2017-12-13T00:00:00Z,GSM2631436,Brain,SRP108034,C57BL/6,brain
SRR5604878,adult mice,RNA-Seq,43,26219508,PRJNA388076,SAMN07168208,21176805,GEO,public,"fastq,sra","gs,ncbi,s3","gs.US,ncbi.public,s3.us-east-1",SRX2857472,SM22-Cre;Rosa26-stop-tdTomato,GSM2631437,Illumina HiSeq 2000,SINGLE,cDNA,TRANSCRIPTOMIC,Mus musculus,ILLUMINA,2017-12-13T00:00:00Z,GSM2631437,Brain,SRP108034,C57BL/6,brain
SRR5604879,adult mice,RNA-Seq,43,26806286,PRJNA388076,SAMN07168207,21564856,GEO,public,"fastq,sra","gs,ncbi,s3","gs.US,ncbi.public,s3.us-east-1",SRX2857473,SM22-Cre;Rosa26-stop-tdTomato,GSM2631438,Illumina HiSeq 2000,SINGLE,cDNA,TRANSCRIPTOMIC,Mus musculus,ILLUMINA,2017-12-13T00:00:00Z,GSM2631438,Brain,SRP108034,C57BL/6,brain
SRR5604880,adult mice,RNA-Seq,43,19488288,PRJNA388076,SAMN07168235,16040915,GEO,public,"fastq,sra","gs,ncbi,s3","gs.US,ncbi.public,s3.us-east-1",SRX2857474,SM22-Cre;Rosa26-stop-tdTomato,GSM2631439,Illumina HiSeq 2000,SINGLE,cDNA,TRANSCRIPTOMIC,Mus musculus,ILLUMINA,2017-12-13T00:00:00Z,GSM2631439,Brain,SRP108034,C57BL/6,brain
SRR5604881,adult mice,RNA-Seq,43,10516037,PRJNA388076,SAMN07168234,9122666,GEO,public,"fastq,sra","gs,ncbi,s3","gs.US,ncbi.public,s3.us-east-1",SRX2857475,SM22-Cre;Rosa26-stop-tdTomato,GSM2631440,Illumina HiSeq 2000,SINGLE,cDNA,TRANSCRIPTOMIC,Mus musculus,ILLUMINA,2017-12-13T00:00:00Z,GSM2631440,Brain,SRP108034,C57BL/6,brain
SRR5604882,adult mice,RNA-Seq,43,11981606,PRJNA388076,SAMN07168233,10224252,GEO,public,"fastq,sra","gs,ncbi,s3","gs.US,ncbi.public,s3.us-east-1",SRX2857476,SM22-Cre;Rosa26-stop-tdTomato,GSM2631441,Illumina HiSeq 2000,SINGLE,cDNA,TRANSCRIPTOMIC,Mus musculus,ILLUMINA,2017-12-13T00:00:00Z,GSM2631441,Brain,SRP108034,C57BL/6,brain
SRR5604883,adult mice,RNA-Seq,43,25592697,PRJNA388076,SAMN07168232,20737137,GEO,public,"fastq,sra","gs,ncbi,s3","gs.US,ncbi.public,s3.us-east-1",SRX2857477,SM22-Cre;Rosa26-stop-tdTomato,GSM2631442,Illumina HiSeq 2000,SINGLE,cDNA,TRANSCRIPTOMIC,Mus musculus,ILLUMINA,2017-12-13T00:00:00Z,GSM2631442,Brain,SRP108034,C57BL/6,brain
SRR5604884,adult mice,RNA-Seq,43,15381874,PRJNA388076,SAMN07168231,12416296,GEO,public,"fastq,sra","gs,ncbi,s3","gs.US,ncbi.public,s3.us-east-1",SRX2857478,SM22-Cre;Rosa26-stop-tdTomato,GSM2631443,Illumina HiSeq 2000,SINGLE,cDNA,TRANSCRIPTOMIC,Mus musculus,ILLUMINA,2017-12-13T00:00:00Z,GSM2631443,Brain,SRP108034,C57BL/6,brain
SRR5604885,adult mice,RNA-Seq,43,13511718,PRJNA388076,SAMN07168230,11223072,GEO,public,"fastq,sra","gs,ncbi,s3","gs.US,ncbi.public,s3.us-east-1",SRX2857479,SM22-Cre;Rosa26-stop-tdTomato,GSM2631444,Illumina HiSeq 2000,SINGLE,cDNA,TRANSCRIPTOMIC,Mus musculus,ILLUMINA,2017-12-13T00:00:00Z,GSM2631444,Brain,SRP108034,C57BL/6,brain
SRR5604886,adult mice,RNA-Seq,43,17051779,PRJNA388076,SAMN07168229,13901426,GEO,public,"fastq,sra","gs,ncbi,s3","gs.US,ncbi.public,s3.us-east-1",SRX2857480,SM22-Cre;Rosa26-stop-tdTomato,GSM2631445,Illumina HiSeq 2000,SINGLE,cDNA,TRANSCRIPTOMIC,Mus musculus,ILLUMINA,2017-12-13T00:00:00Z,GSM2631445,Brain,SRP108034,C57BL/6,brain
SRR5604887,adult mice,RNA-Seq,43,25510051,PRJNA388076,SAMN07168228,20611472,GEO,public,"fastq,sra","gs,ncbi,s3","gs.US,ncbi.public,s3.us-east-1",SRX2857481,SM22-Cre;Rosa26-stop-tdTomato,GSM2631446,Illumina HiSeq 2000,SINGLE,cDNA,TRANSCRIPTOMIC,Mus musculus,ILLUMINA,2017-12-13T00:00:00Z,GSM2631446,Brain,SRP108034,C57BL/6,brain
SRR5604888,adult mice,RNA-Seq,43,17753883,PRJNA388076,SAMN07168227,14755102,GEO,public,"fastq,sra","gs,ncbi,s3","gs.US,ncbi.public,s3.us-east-1",SRX2857482,SM22-Cre;Rosa26-stop-tdTomato,GSM2631447,Illumina HiSeq 2000,SINGLE,cDNA,TRANSCRIPTOMIC,Mus musculus,ILLUMINA,2017-12-13T00:00:00Z,GSM2631447,Brain,SRP108034,C57BL/6,brain
SRR5604889,adult mice,RNA-Seq,43,28697469,PRJNA388076,SAMN07168226,23064304,GEO,public,"fastq,sra","gs,ncbi,s3","gs.US,ncbi.public,s3.us-east-1",SRX2857483,SM22-Cre;Rosa26-stop-tdTomato,GSM2631448,Illumina HiSeq 2000,SINGLE,cDNA,TRANSCRIPTOMIC,Mus musculus,ILLUMINA,2017-12-13T00:00:00Z,GSM2631448,Brain,SRP108034,C57BL/6,brain
SRR5604890,adult mice,RNA-Seq,43,24816332,PRJNA388076,SAMN07168225,20172309,GEO,public,"fastq,sra","gs,ncbi,s3","gs.US,ncbi.public,s3.us-east-1",SRX2857484,SM22-Cre;Rosa26-stop-tdTomato,GSM2631449,Illumina HiSeq 2000,SINGLE,cDNA,TRANSCRIPTOMIC,Mus musculus,ILLUMINA,2017-12-13T00:00:00Z,GSM2631449,Brain,SRP108034,C57BL/6,brain
SRR5604891,adult mice,RNA-Seq,43,23722842,PRJNA388076,SAMN07168224,19136926,GEO,public,"fastq,sra","gs,ncbi,s3","gs.US,ncbi.public,s3.us-east-1",SRX2857485,SM22-Cre;Rosa26-stop-tdTomato,GSM2631450,Illumina HiSeq 2000,SINGLE,cDNA,TRANSCRIPTOMIC,Mus musculus,ILLUMINA,2017-12-13T00:00:00Z,GSM2631450,Brain,SRP108034,C57BL/6,brain
SRR5604892,adult mice,RNA-Seq,43,26379640,PRJNA388076,SAMN07168223,21240213,GEO,public,"fastq,sra","gs,ncbi,s3","gs.US,ncbi.public,s3.us-east-1",SRX2857486,SM22-Cre;Rosa26-stop-tdTomato,GSM2631451,Illumina HiSeq 2000,SINGLE,cDNA,TRANSCRIPTOMIC,Mus musculus,ILLUMINA,2017-12-13T00:00:00Z,GSM2631451,Brain,SRP108034,C57BL/6,brain
SRR5604893,adult mice,RNA-Seq,43,17104970,PRJNA388076,SAMN07168219,13772016,GEO,public,"fastq,sra","gs,ncbi,s3","gs.US,ncbi.public,s3.us-east-1",SRX2857487,SM22-Cre;Rosa26-stop-tdTomato,GSM2631452,Illumina HiSeq 2000,SINGLE,cDNA,TRANSCRIPTOMIC,Mus musculus,ILLUMINA,2017-12-13T00:00:00Z,GSM2631452,Brain,SRP108034,C57BL/6,brain
SRR5604894,adult mice,RNA-Seq,43,28117915,PRJNA388076,SAMN07168221,22540806,GEO,public,"fastq,sra","gs,ncbi,s3","gs.US,ncbi.public,s3.us-east-1",SRX2857488,SM22-Cre;Rosa26-stop-tdTomato,GSM2631453,Illumina HiSeq 2000,SINGLE,cDNA,TRANSCRIPTOMIC,Mus musculus,ILLUMINA,2017-12-13T00:00:00Z,GSM2631453,Brain,SRP108034,C57BL/6,brain
SRR5604895,adult mice,RNA-Seq,43,27533631,PRJNA388076,SAMN07168220,22063112,GEO,public,"fastq,sra","gs,ncbi,s3","gs.US,ncbi.public,s3.us-east-1",SRX2857489,SM22-Cre;Rosa26-stop-tdTomato,GSM2631454,Illumina HiSeq 2000,SINGLE,cDNA,TRANSCRIPTOMIC,Mus musculus,ILLUMINA,2017-12-13T00:00:00Z,GSM2631454,Brain,SRP108034,C57BL/6,brain
SRR5604896,adult mice,RNA-Seq,43,10941952,PRJNA388076,SAMN07168222,8836433,GEO,public,"fastq,sra","gs,ncbi,s3","gs.US,ncbi.public,s3.us-east-1",SRX2857490,SM22-Cre;Rosa26-stop-tdTomato,GSM2631455,Illumina HiSeq 2000,SINGLE,cDNA,TRANSCRIPTOMIC,Mus musculus,ILLUMINA,2017-12-13T00:00:00Z,GSM2631455,Brain,SRP108034,C57BL/6,brain
SRR5604897,adult mice,RNA-Seq,43,11269870,PRJNA388076,SAMN07168218,9099258,GEO,public,"fastq,sra","gs,ncbi,s3","gs.US,ncbi.public,s3.us-east-1",SRX2857491,SM22-Cre;Rosa26-stop-tdTomato,GSM2631456,Illumina HiSeq 2000,SINGLE,cDNA,TRANSCRIPTOMIC,Mus musculus,ILLUMINA,2017-12-13T00:00:00Z,GSM2631456,Brain,SRP108034,C57BL/6,brain
SRR5604898,adult mice,RNA-Seq,43,14332072,PRJNA388076,SAMN07168217,11584835,GEO,public,"fastq,sra","gs,ncbi,s3","gs.US,ncbi.public,s3.us-east-1",SRX2857492,SM22-Cre;Rosa26-stop-tdTomato,GSM2631457,Illumina HiSeq 2000,SINGLE,cDNA,TRANSCRIPTOMIC,Mus musculus,ILLUMINA,2017-12-13T00:00:00Z,GSM2631457,Brain,SRP108034,C57BL/6,brain
SRR5604899,adult mice,RNA-Seq,43,18395013,PRJNA388076,SAMN07168292,14827509,GEO,public,"fastq,sra","gs,ncbi,s3","gs.US,ncbi.public,s3.us-east-1",SRX2857493,SM22-Cre;Rosa26-stop-tdTomato,GSM2631458,Illumina HiSeq 2000,SINGLE,cDNA,TRANSCRIPTOMIC,Mus musculus,ILLUMINA,2017-12-13T00:00:00Z,GSM2631458,Brain,SRP108034,C57BL/6,brain
SRR5604900,adult mice,RNA-Seq,43,19436172,PRJNA388076,SAMN07168291,15655042,GEO,public,"fastq,sra","gs,ncbi,s3","gs.US,ncbi.public,s3.us-east-1",SRX2857494,SM22-Cre;Rosa26-stop-tdTomato,GSM2631459,Illumina HiSeq 2000,SINGLE,cDNA,TRANSCRIPTOMIC,Mus musculus,ILLUMINA,2017-12-13T00:00:00Z,GSM2631459,Brain,SRP108034,C57BL/6,brain
SRR5604901,adult mice,RNA-Seq,43,26300950,PRJNA388076,SAMN07168290,21161020,GEO,public,"fastq,sra","gs,ncbi,s3","gs.US,ncbi.public,s3.us-east-1",SRX2857495,SM22-Cre;Rosa26-stop-tdTomato,GSM2631460,Illumina HiSeq 2000,SINGLE,cDNA,TRANSCRIPTOMIC,Mus musculus,ILLUMINA,2017-12-13T00:00:00Z,GSM2631460,Brain,SRP108034,C57BL/6,brain
SRR5604902,adult mice,RNA-Seq,43,29368527,PRJNA388076,SAMN07168289,23574526,GEO,public,"fastq,sra","gs,ncbi,s3","gs.US,ncbi.public,s3.us-east-1",SRX2857496,SM22-Cre;Rosa26-stop-tdTomato,GSM2631461,Illumina HiSeq 2000,SINGLE,cDNA,TRANSCRIPTOMIC,Mus musculus,ILLUMINA,2017-12-13T00:00:00Z,GSM2631461,Brain,SRP108034,C57BL/6,brain
SRR5604903,adult mice,RNA-Seq,43,17562533,PRJNA388076,SAMN07168288,14412427,GEO,public,"fastq,sra","gs,ncbi,s3","gs.US,ncbi.public,s3.us-east-1",SRX2857497,SM22-Cre;Rosa26-stop-tdTomato,GSM2631462,Illumina HiSeq 2000,SINGLE,cDNA,TRANSCRIPTOMIC,Mus musculus,ILLUMINA,2017-12-13T00:00:00Z,GSM2631462,Brain,SRP108034,C57BL/6,brain
SRR5604904,adult mice,RNA-Seq,43,20837585,PRJNA388076,SAMN07168287,17162158,GEO,public,"fastq,sra","gs,ncbi,s3","gs.US,ncbi.public,s3.us-east-1",SRX2857498,SM22-Cre;Rosa26-stop-tdTomato,GSM2631463,Illumina HiSeq 2000,SINGLE,cDNA,TRANSCRIPTOMIC,Mus musculus,ILLUMINA,2017-12-13T00:00:00Z,GSM2631463,Brain,SRP108034,C57BL/6,brain
SRR5604905,adult mice,RNA-Seq,43,28677775,PRJNA388076,SAMN07168286,23052970,GEO,public,"fastq,sra","gs,ncbi,s3","gs.US,ncbi.public,s3.us-east-1",SRX2857499,SM22-Cre;Rosa26-stop-tdTomato,GSM2631464,Illumina HiSeq 2000,SINGLE,cDNA,TRANSCRIPTOMIC,Mus musculus,ILLUMINA,2017-12-13T00:00:00Z,GSM2631464,Brain,SRP108034,C57BL/6,brain
SRR5604906,adult mice,RNA-Seq,43,24103607,PRJNA388076,SAMN07168285,19397580,GEO,public,"fastq,sra","gs,ncbi,s3","gs.US,ncbi.public,s3.us-east-1",SRX2857500,SM22-Cre;Rosa26-stop-tdTomato,GSM2631465,Illumina HiSeq 2000,SINGLE,cDNA,TRANSCRIPTOMIC,Mus musculus,ILLUMINA,2017-12-13T00:00:00Z,GSM2631465,Brain,SRP108034,C57BL/6,brain
SRR5604907,adult mice,RNA-Seq,43,25479865,PRJNA388076,SAMN07168284,20512265,GEO,public,"fastq,sra","gs,ncbi,s3","gs.US,ncbi.public,s3.us-east-1",SRX2857501,SM22-Cre;Rosa26-stop-tdTomato,GSM2631466,Illumina HiSeq 2000,SINGLE,cDNA,TRANSCRIPTOMIC,Mus musculus,ILLUMINA,2017-12-13T00:00:00Z,GSM2631466,Brain,SRP108034,C57BL/6,brain
SRR5604908,adult mice,RNA-Seq,43,28555956,PRJNA388076,SAMN07168283,22969391,GEO,public,"fastq,sra","gs,ncbi,s3","gs.US,ncbi.public,s3.us-east-1",SRX2857502,SM22-Cre;Rosa26-stop-tdTomato,GSM2631467,Illumina HiSeq 2000,SINGLE,cDNA,TRANSCRIPTOMIC,Mus musculus,ILLUMINA,2017-12-13T00:00:00Z,GSM2631467,Brain,SRP108034,C57BL/6,brain
SRR5604909,adult mice,RNA-Seq,43,17949963,PRJNA388076,SAMN07168282,14488236,GEO,public,"fastq,sra","gs,ncbi,s3","gs.US,ncbi.public,s3.us-east-1",SRX2857503,SM22-Cre;Rosa26-stop-tdTomato,GSM2631468,Illumina HiSeq 2000,SINGLE,cDNA,TRANSCRIPTOMIC,Mus musculus,ILLUMINA,2017-12-13T00:00:00Z,GSM2631468,Brain,SRP108034,C57BL/6,brain
SRR5604910,adult mice,RNA-Seq,43,23447857,PRJNA388076,SAMN07168281,18931322,GEO,public,"fastq,sra","gs,ncbi,s3","gs.US,ncbi.public,s3.us-east-1",SRX2857504,SM22-Cre;Rosa26-stop-tdTomato,GSM2631469,Illumina HiSeq 2000,SINGLE,cDNA,TRANSCRIPTOMIC,Mus musculus,ILLUMINA,2017-12-13T00:00:00Z,GSM2631469,Brain,SRP108034,C57BL/6,brain
SRR5604911,adult mice,RNA-Seq,43,24100124,PRJNA388076,SAMN07168280,19444469,GEO,public,"fastq,sra","gs,ncbi,s3","gs.US,ncbi.public,s3.us-east-1",SRX2857505,SM22-Cre;Rosa26-stop-tdTomato,GSM2631470,Illumina HiSeq 2000,SINGLE,cDNA,TRANSCRIPTOMIC,Mus musculus,ILLUMINA,2017-12-13T00:00:00Z,GSM2631470,Brain,SRP108034,C57BL/6,brain
SRR5604912,adult mice,RNA-Seq,43,27672951,PRJNA388076,SAMN07168279,22290493,GEO,public,"fastq,sra","gs,ncbi,s3","gs.US,ncbi.public,s3.us-east-1",SRX2857506,SM22-Cre;Rosa26-stop-tdTomato,GSM2631471,Illumina HiSeq 2000,SINGLE,cDNA,TRANSCRIPTOMIC,Mus musculus,ILLUMINA,2017-12-13T00:00:00Z,GSM2631471,Brain,SRP108034,C57BL/6,brain
SRR5604913,adult mice,RNA-Seq,43,28859149,PRJNA388076,SAMN07168278,23240117,GEO,public,"fastq,sra","gs,ncbi,s3","gs.US,ncbi.public,s3.us-east-1",SRX2857507,SM22-Cre;Rosa26-stop-tdTomato,GSM2631472,Illumina HiSeq 2000,SINGLE,cDNA,TRANSCRIPTOMIC,Mus musculus,ILLUMINA,2017-12-13T00:00:00Z,GSM2631472,Brain,SRP108034,C57BL/6,brain
SRR5604914,adult mice,RNA-Seq,43,29303038,PRJNA388076,SAMN07168277,23560881,GEO,public,"fastq,sra","gs,ncbi,s3","gs.US,ncbi.public,s3.us-east-1",SRX2857508,SM22-Cre;Rosa26-stop-tdTomato,GSM2631473,Illumina HiSeq 2000,SINGLE,cDNA,TRANSCRIPTOMIC,Mus musculus,ILLUMINA,2017-12-13T00:00:00Z,GSM2631473,Brain,SRP108034,C57BL/6,brain
SRR5604915,adult mice,RNA-Seq,43,19380229,PRJNA388076,SAMN07168276,15973706,GEO,public,"fastq,sra","gs,ncbi,s3","gs.US,ncbi.public,s3.us-east-1",SRX2857509,SM22-Cre;Rosa26-stop-tdTomato,GSM2631474,Illumina HiSeq 2000,SINGLE,cDNA,TRANSCRIPTOMIC,Mus musculus,ILLUMINA,2017-12-13T00:00:00Z,GSM2631474,Brain,SRP108034,C57BL/6,brain
SRR5604916,adult mice,RNA-Seq,43,26767543,PRJNA388076,SAMN07168275,21547810,GEO,public,"fastq,sra","gs,ncbi,s3","gs.US,ncbi.public,s3.us-east-1",SRX2857510,SM22-Cre;Rosa26-stop-tdTomato,GSM2631475,Illumina HiSeq 2000,SINGLE,cDNA,TRANSCRIPTOMIC,Mus musculus,ILLUMINA,2017-12-13T00:00:00Z,GSM2631475,Brain,SRP108034,C57BL/6,brain
SRR5604917,adult mice,RNA-Seq,43,25694865,PRJNA388076,SAMN07168274,20691612,GEO,public,"fastq,sra","gs,ncbi,s3","gs.US,ncbi.public,s3.us-east-1",SRX2857511,SM22-Cre;Rosa26-stop-tdTomato,GSM2631476,Illumina HiSeq 2000,SINGLE,cDNA,TRANSCRIPTOMIC,Mus musculus,ILLUMINA,2017-12-13T00:00:00Z,GSM2631476,Brain,SRP108034,C57BL/6,brain
SRR5604918,adult mice,RNA-Seq,43,27116015,PRJNA388076,SAMN07168273,21866405,GEO,public,"fastq,sra","gs,ncbi,s3","gs.US,ncbi.public,s3.us-east-1",SRX2857512,SM22-Cre;Rosa26-stop-tdTomato,GSM2631477,Illumina HiSeq 2000,SINGLE,cDNA,TRANSCRIPTOMIC,Mus musculus,ILLUMINA,2017-12-13T00:00:00Z,GSM2631477,Brain,SRP108034,C57BL/6,brain
SRR5604919,adult mice,RNA-Seq,43,20101124,PRJNA388076,SAMN07168272,16235485,GEO,public,"fastq,sra","gs,ncbi,s3","gs.US,ncbi.public,s3.us-east-1",SRX2857513,SM22-Cre;Rosa26-stop-tdTomato,GSM2631478,Illumina HiSeq 2000,SINGLE,cDNA,TRANSCRIPTOMIC,Mus musculus,ILLUMINA,2017-12-13T00:00:00Z,GSM2631478,Brain,SRP108034,C57BL/6,brain
SRR5604920,adult mice,RNA-Seq,43,20430332,PRJNA388076,SAMN07168271,16408019,GEO,public,"fastq,sra","gs,ncbi,s3","gs.US,ncbi.public,s3.us-east-1",SRX2857514,SM22-Cre;Rosa26-stop-tdTomato,GSM2631479,Illumina HiSeq 2000,SINGLE,cDNA,TRANSCRIPTOMIC,Mus musculus,ILLUMINA,2017-12-13T00:00:00Z,GSM2631479,Brain,SRP108034,C57BL/6,brain
SRR5604921,adult mice,RNA-Seq,43,20770677,PRJNA388076,SAMN07168270,16707617,GEO,public,"fastq,sra","gs,ncbi,s3","gs.US,ncbi.public,s3.us-east-1",SRX2857515,SM22-Cre;Rosa26-stop-tdTomato,GSM2631480,Illumina HiSeq 2000,SINGLE,cDNA,TRANSCRIPTOMIC,Mus musculus,ILLUMINA,2017-12-13T00:00:00Z,GSM2631480,Brain,SRP108034,C57BL/6,brain
SRR5604922,adult mice,RNA-Seq,43,22541632,PRJNA388076,SAMN07168269,18170053,GEO,public,"fastq,sra","gs,ncbi,s3","gs.US,ncbi.public,s3.us-east-1",SRX2857516,SM22-Cre;Rosa26-stop-tdTomato,GSM2631481,Illumina HiSeq 2000,SINGLE,cDNA,TRANSCRIPTOMIC,Mus musculus,ILLUMINA,2017-12-13T00:00:00Z,GSM2631481,Brain,SRP108034,C57BL/6,brain
SRR5604923,adult mice,RNA-Seq,43,25343168,PRJNA388076,SAMN07168268,20380016,GEO,public,"fastq,sra","gs,ncbi,s3","gs.US,ncbi.public,s3.us-east-1",SRX2857517,SM22-Cre;Rosa26-stop-tdTomato,GSM2631482,Illumina HiSeq 2000,SINGLE,cDNA,TRANSCRIPTOMIC,Mus musculus,ILLUMINA,2017-12-13T00:00:00Z,GSM2631482,Brain,SRP108034,C57BL/6,brain
SRR5604924,adult mice,RNA-Seq,43,30857488,PRJNA388076,SAMN07168267,24749678,GEO,public,"fastq,sra","gs,ncbi,s3","gs.US,ncbi.public,s3.us-east-1",SRX2857518,SM22-Cre;Rosa26-stop-tdTomato,GSM2631483,Illumina HiSeq 2000,SINGLE,cDNA,TRANSCRIPTOMIC,Mus musculus,ILLUMINA,2017-12-13T00:00:00Z,GSM2631483,Brain,SRP108034,C57BL/6,brain
SRR5604925,adult mice,RNA-Seq,43,29152323,PRJNA388076,SAMN07168266,23472805,GEO,public,"fastq,sra","gs,ncbi,s3","gs.US,ncbi.public,s3.us-east-1",SRX2857519,SM22-Cre;Rosa26-stop-tdTomato,GSM2631484,Illumina HiSeq 2000,SINGLE,cDNA,TRANSCRIPTOMIC,Mus musculus,ILLUMINA,2017-12-13T00:00:00Z,GSM2631484,Brain,SRP108034,C57BL/6,brain
SRR5604926,adult mice,RNA-Seq,43,31818280,PRJNA388076,SAMN07168265,25488520,GEO,public,"fastq,sra","gs,ncbi,s3","gs.US,ncbi.public,s3.us-east-1",SRX2857520,SM22-Cre;Rosa26-stop-tdTomato,GSM2631485,Illumina HiSeq 2000,SINGLE,cDNA,TRANSCRIPTOMIC,Mus musculus,ILLUMINA,2017-12-13T00:00:00Z,GSM2631485,Brain,SRP108034,C57BL/6,brain
SRR5604927,adult mice,RNA-Seq,43,24571275,PRJNA388076,SAMN07168264,19982941,GEO,public,"fastq,sra","gs,ncbi,s3","gs.US,ncbi.public,s3.us-east-1",SRX2857521,SM22-Cre;Rosa26-stop-tdTomato,GSM2631486,Illumina HiSeq 2000,SINGLE,cDNA,TRANSCRIPTOMIC,Mus musculus,ILLUMINA,2017-12-13T00:00:00Z,GSM2631486,Brain,SRP108034,C57BL/6,brain
SRR5604928,adult mice,RNA-Seq,43,19442407,PRJNA388076,SAMN07168263,15667617,GEO,public,"fastq,sra","gs,ncbi,s3","gs.US,ncbi.public,s3.us-east-1",SRX2857522,SM22-Cre;Rosa26-stop-tdTomato,GSM2631487,Illumina HiSeq 2000,SINGLE,cDNA,TRANSCRIPTOMIC,Mus musculus,ILLUMINA,2017-12-13T00:00:00Z,GSM2631487,Brain,SRP108034,C57BL/6,brain
SRR5604929,adult mice,RNA-Seq,43,24800078,PRJNA388076,SAMN07168376,20082194,GEO,public,"fastq,sra","gs,ncbi,s3","gs.US,ncbi.public,s3.us-east-1",SRX2857523,SM22-Cre;Rosa26-stop-tdTomato,GSM2631488,Illumina HiSeq 2000,SINGLE,cDNA,TRANSCRIPTOMIC,Mus musculus,ILLUMINA,2017-12-13T00:00:00Z,GSM2631488,Brain,SRP108034,C57BL/6,brain
SRR5604930,adult mice,RNA-Seq,43,15115790,PRJNA388076,SAMN07168375,12818840,GEO,public,"fastq,sra","gs,ncbi,s3","gs.US,ncbi.public,s3.us-east-1",SRX2857524,SM22-Cre;Rosa26-stop-tdTomato,GSM2631489,Illumina HiSeq 2000,SINGLE,cDNA,TRANSCRIPTOMIC,Mus musculus,ILLUMINA,2017-12-13T00:00:00Z,GSM2631489,Brain,SRP108034,C57BL/6,brain
SRR5604931,adult mice,RNA-Seq,43,20541874,PRJNA388076,SAMN07168374,17027313,GEO,public,"fastq,sra","gs,ncbi,s3","gs.US,ncbi.public,s3.us-east-1",SRX2857525,SM22-Cre;Rosa26-stop-tdTomato,GSM2631490,Illumina HiSeq 2000,SINGLE,cDNA,TRANSCRIPTOMIC,Mus musculus,ILLUMINA,2017-12-13T00:00:00Z,GSM2631490,Brain,SRP108034,C57BL/6,brain
SRR5604932,adult mice,RNA-Seq,43,22224550,PRJNA388076,SAMN07168373,17978757,GEO,public,"fastq,sra","gs,ncbi,s3","gs.US,ncbi.public,s3.us-east-1",SRX2857526,SM22-Cre;Rosa26-stop-tdTomato,GSM2631491,Illumina HiSeq 2000,SINGLE,cDNA,TRANSCRIPTOMIC,Mus musculus,ILLUMINA,2017-12-13T00:00:00Z,GSM2631491,Brain,SRP108034,C57BL/6,brain
SRR5604933,adult mice,RNA-Seq,43,27279974,PRJNA388076,SAMN07168372,21994706,GEO,public,"fastq,sra","gs,ncbi,s3","gs.US,ncbi.public,s3.us-east-1",SRX2857527,SM22-Cre;Rosa26-stop-tdTomato,GSM2631492,Illumina HiSeq 2000,SINGLE,cDNA,TRANSCRIPTOMIC,Mus musculus,ILLUMINA,2017-12-13T00:00:00Z,GSM2631492,Brain,SRP108034,C57BL/6,brain
SRR5604934,adult mice,RNA-Seq,43,23178462,PRJNA388076,SAMN07168371,18859822,GEO,public,"fastq,sra","gs,ncbi,s3","gs.US,ncbi.public,s3.us-east-1",SRX2857528,SM22-Cre;Rosa26-stop-tdTomato,GSM2631493,Illumina HiSeq 2000,SINGLE,cDNA,TRANSCRIPTOMIC,Mus musculus,ILLUMINA,2017-12-13T00:00:00Z,GSM2631493,Brain,SRP108034,C57BL/6,brain
SRR5604935,adult mice,RNA-Seq,43,27190749,PRJNA388076,SAMN07168370,21998730,GEO,public,"fastq,sra","gs,ncbi,s3","gs.US,ncbi.public,s3.us-east-1",SRX2857529,SM22-Cre;Rosa26-stop-tdTomato,GSM2631494,Illumina HiSeq 2000,SINGLE,cDNA,TRANSCRIPTOMIC,Mus musculus,ILLUMINA,2017-12-13T00:00:00Z,GSM2631494,Brain,SRP108034,C57BL/6,brain
SRR5604936,adult mice,RNA-Seq,43,23052171,PRJNA388076,SAMN07168369,18585364,GEO,public,"fastq,sra","gs,ncbi,s3","gs.US,ncbi.public,s3.us-east-1",SRX2857530,SM22-Cre;Rosa26-stop-tdTomato,GSM2631495,Illumina HiSeq 2000,SINGLE,cDNA,TRANSCRIPTOMIC,Mus musculus,ILLUMINA,2017-12-13T00:00:00Z,GSM2631495,Brain,SRP108034,C57BL/6,brain
SRR5604937,adult mice,RNA-Seq,43,13199796,PRJNA388076,SAMN07168368,11337778,GEO,public,"fastq,sra","gs,ncbi,s3","gs.US,ncbi.public,s3.us-east-1",SRX2857531,SM22-Cre;Rosa26-stop-tdTomato,GSM2631496,Illumina HiSeq 2000,SINGLE,cDNA,TRANSCRIPTOMIC,Mus musculus,ILLUMINA,2017-12-13T00:00:00Z,GSM2631496,Brain,SRP108034,C57BL/6,brain
SRR5604938,adult mice,RNA-Seq,43,27314030,PRJNA388076,SAMN07168367,21991007,GEO,public,"fastq,sra","gs,ncbi,s3","gs.US,ncbi.public,s3.us-east-1",SRX2857532,SM22-Cre;Rosa26-stop-tdTomato,GSM2631497,Illumina HiSeq 2000,SINGLE,cDNA,TRANSCRIPTOMIC,Mus musculus,ILLUMINA,2017-12-13T00:00:00Z,GSM2631497,Brain,SRP108034,C57BL/6,brain
SRR5604939,adult mice,RNA-Seq,43,29392908,PRJNA388076,SAMN07168366,23643877,GEO,public,"fastq,sra","gs,ncbi,s3","gs.US,ncbi.public,s3.us-east-1",SRX2857533,SM22-Cre;Rosa26-stop-tdTomato,GSM2631498,Illumina HiSeq 2000,SINGLE,cDNA,TRANSCRIPTOMIC,Mus musculus,ILLUMINA,2017-12-13T00:00:00Z,GSM2631498,Brain,SRP108034,C57BL/6,brain
SRR5604940,adult mice,RNA-Seq,43,13030806,PRJNA388076,SAMN07168365,11165647,GEO,public,"fastq,sra","gs,ncbi,s3","gs.US,ncbi.public,s3.us-east-1",SRX2857534,SM22-Cre;Rosa26-stop-tdTomato,GSM2631499,Illumina HiSeq 2000,SINGLE,cDNA,TRANSCRIPTOMIC,Mus musculus,ILLUMINA,2017-12-13T00:00:00Z,GSM2631499,Brain,SRP108034,C57BL/6,brain
SRR5604941,adult mice,RNA-Seq,43,26163608,PRJNA388076,SAMN07168364,21270892,GEO,public,"fastq,sra","gs,ncbi,s3","gs.US,ncbi.public,s3.us-east-1",SRX2857535,SM22-Cre;Rosa26-stop-tdTomato,GSM2631500,Illumina HiSeq 2000,SINGLE,cDNA,TRANSCRIPTOMIC,Mus musculus,ILLUMINA,2017-12-13T00:00:00Z,GSM2631500,Brain,SRP108034,C57BL/6,brain
SRR5604942,adult mice,RNA-Seq,43,25497710,PRJNA388076,SAMN07168363,20682283,GEO,public,"fastq,sra","gs,ncbi,s3","gs.US,ncbi.public,s3.us-east-1",SRX2857536,SM22-Cre;Rosa26-stop-tdTomato,GSM2631501,Illumina HiSeq 2000,SINGLE,cDNA,TRANSCRIPTOMIC,Mus musculus,ILLUMINA,2017-12-13T00:00:00Z,GSM2631501,Brain,SRP108034,C57BL/6,brain
SRR5604943,adult mice,RNA-Seq,43,14109031,PRJNA388076,SAMN07168362,12122777,GEO,public,"fastq,sra","gs,ncbi,s3","gs.US,ncbi.public,s3.us-east-1",SRX2857537,SM22-Cre;Rosa26-stop-tdTomato,GSM2631502,Illumina HiSeq 2000,SINGLE,cDNA,TRANSCRIPTOMIC,Mus musculus,ILLUMINA,2017-12-13T00:00:00Z,GSM2631502,Brain,SRP108034,C57BL/6,brain
SRR5604944,adult mice,RNA-Seq,43,16286250,PRJNA388076,SAMN07168361,13721831,GEO,public,"fastq,sra","gs,ncbi,s3","gs.US,ncbi.public,s3.us-east-1",SRX2857538,SM22-Cre;Rosa26-stop-tdTomato,GSM2631503,Illumina HiSeq 2000,SINGLE,cDNA,TRANSCRIPTOMIC,Mus musculus,ILLUMINA,2017-12-13T00:00:00Z,GSM2631503,Brain,SRP108034,C57BL/6,brain
SRR5604945,adult mice,RNA-Seq,43,28390492,PRJNA388076,SAMN07168360,22868305,GEO,public,"fastq,sra","gs,ncbi,s3","gs.US,ncbi.public,s3.us-east-1",SRX2857539,SM22-Cre;Rosa26-stop-tdTomato,GSM2631504,Illumina HiSeq 2000,SINGLE,cDNA,TRANSCRIPTOMIC,Mus musculus,ILLUMINA,2017-12-13T00:00:00Z,GSM2631504,Brain,SRP108034,C57BL/6,brain
SRR5604946,adult mice,RNA-Seq,43,30073039,PRJNA388076,SAMN07168359,24195196,GEO,public,"fastq,sra","gs,ncbi,s3","gs.US,ncbi.public,s3.us-east-1",SRX2857540,SM22-Cre;Rosa26-stop-tdTomato,GSM2631505,Illumina HiSeq 2000,SINGLE,cDNA,TRANSCRIPTOMIC,Mus musculus,ILLUMINA,2017-12-13T00:00:00Z,GSM2631505,Brain,SRP108034,C57BL/6,brain
SRR5604947,adult mice,RNA-Seq,43,27317040,PRJNA388076,SAMN07168358,22000795,GEO,public,"fastq,sra","gs,ncbi,s3","gs.US,ncbi.public,s3.us-east-1",SRX2857541,SM22-Cre;Rosa26-stop-tdTomato,GSM2631506,Illumina HiSeq 2000,SINGLE,cDNA,TRANSCRIPTOMIC,Mus musculus,ILLUMINA,2017-12-13T00:00:00Z,GSM2631506,Brain,SRP108034,C57BL/6,brain
SRR5604948,adult mice,RNA-Seq,43,16446124,PRJNA388076,SAMN07168357,13686821,GEO,public,"fastq,sra","gs,ncbi,s3","gs.US,ncbi.public,s3.us-east-1",SRX2857542,SM22-Cre;Rosa26-stop-tdTomato,GSM2631507,Illumina HiSeq 2000,SINGLE,cDNA,TRANSCRIPTOMIC,Mus musculus,ILLUMINA,2017-12-13T00:00:00Z,GSM2631507,Brain,SRP108034,C57BL/6,brain
SRR5604949,adult mice,RNA-Seq,43,25829412,PRJNA388076,SAMN07168356,20900202,GEO,public,"fastq,sra","gs,ncbi,s3","gs.US,ncbi.public,s3.us-east-1",SRX2857543,SM22-Cre;Rosa26-stop-tdTomato,GSM2631508,Illumina HiSeq 2000,SINGLE,cDNA,TRANSCRIPTOMIC,Mus musculus,ILLUMINA,2017-12-13T00:00:00Z,GSM2631508,Brain,SRP108034,C57BL/6,brain
SRR5604950,adult mice,RNA-Seq,43,30156803,PRJNA388076,SAMN07168355,24260843,GEO,public,"fastq,sra","gs,ncbi,s3","gs.US,ncbi.public,s3.us-east-1",SRX2857544,SM22-Cre;Rosa26-stop-tdTomato,GSM2631509,Illumina HiSeq 2000,SINGLE,cDNA,TRANSCRIPTOMIC,Mus musculus,ILLUMINA,2017-12-13T00:00:00Z,GSM2631509,Brain,SRP108034,C57BL/6,brain
SRR5604951,adult mice,RNA-Seq,43,25619142,PRJNA388076,SAMN07168354,20624150,GEO,public,"fastq,sra","gs,ncbi,s3","gs.US,ncbi.public,s3.us-east-1",SRX2857545,SM22-Cre;Rosa26-stop-tdTomato,GSM2631510,Illumina HiSeq 2000,SINGLE,cDNA,TRANSCRIPTOMIC,Mus musculus,ILLUMINA,2017-12-13T00:00:00Z,GSM2631510,Brain,SRP108034,C57BL/6,brain
SRR5604952,adult mice,RNA-Seq,43,28489091,PRJNA388076,SAMN07168353,22945077,GEO,public,"fastq,sra","gs,ncbi,s3","gs.US,ncbi.public,s3.us-east-1",SRX2857546,SM22-Cre;Rosa26-stop-tdTomato,GSM2631511,Illumina HiSeq 2000,SINGLE,cDNA,TRANSCRIPTOMIC,Mus musculus,ILLUMINA,2017-12-13T00:00:00Z,GSM2631511,Brain,SRP108034,C57BL/6,brain
SRR5604953,adult mice,RNA-Seq,43,22706451,PRJNA388076,SAMN07168352,18365430,GEO,public,"fastq,sra","gs,ncbi,s3","gs.US,ncbi.public,s3.us-east-1",SRX2857547,SM22-Cre;Rosa26-stop-tdTomato,GSM2631512,Illumina HiSeq 2000,SINGLE,cDNA,TRANSCRIPTOMIC,Mus musculus,ILLUMINA,2017-12-13T00:00:00Z,GSM2631512,Brain,SRP108034,C57BL/6,brain
SRR5604954,adult mice,RNA-Seq,43,18692358,PRJNA388076,SAMN07168351,15220472,GEO,public,"fastq,sra","gs,ncbi,s3","gs.US,ncbi.public,s3.us-east-1",SRX2857548,SM22-Cre;Rosa26-stop-tdTomato,GSM2631513,Illumina HiSeq 2000,SINGLE,cDNA,TRANSCRIPTOMIC,Mus musculus,ILLUMINA,2017-12-13T00:00:00Z,GSM2631513,Brain,SRP108034,C57BL/6,brain
SRR5604955,adult mice,RNA-Seq,43,20762378,PRJNA388076,SAMN07168347,16723831,GEO,public,"fastq,sra","gs,ncbi,s3","gs.US,ncbi.public,s3.us-east-1",SRX2857549,SM22-Cre;Rosa26-stop-tdTomato,GSM2631514,Illumina HiSeq 2000,SINGLE,cDNA,TRANSCRIPTOMIC,Mus musculus,ILLUMINA,2017-12-13T00:00:00Z,GSM2631514,Brain,SRP108034,C57BL/6,brain
SRR5604956,adult mice,RNA-Seq,43,20146317,PRJNA388076,SAMN07168320,16323742,GEO,public,"fastq,sra","gs,ncbi,s3","gs.US,ncbi.public,s3.us-east-1",SRX2857550,SM22-Cre;Rosa26-stop-tdTomato,GSM2631515,Illumina HiSeq 2000,SINGLE,cDNA,TRANSCRIPTOMIC,Mus musculus,ILLUMINA,2017-12-13T00:00:00Z,GSM2631515,Brain,SRP108034,C57BL/6,brain
SRR5604957,adult mice,RNA-Seq,43,20663478,PRJNA388076,SAMN07168319,16702105,GEO,public,"fastq,sra","gs,ncbi,s3","gs.US,ncbi.public,s3.us-east-1",SRX2857551,SM22-Cre;Rosa26-stop-tdTomato,GSM2631516,Illumina HiSeq 2000,SINGLE,cDNA,TRANSCRIPTOMIC,Mus musculus,ILLUMINA,2017-12-13T00:00:00Z,GSM2631516,Brain,SRP108034,C57BL/6,brain
SRR5604958,adult mice,RNA-Seq,43,17046017,PRJNA388076,SAMN07168350,13751310,GEO,public,"fastq,sra","gs,ncbi,s3","gs.US,ncbi.public,s3.us-east-1",SRX2857552,SM22-Cre;Rosa26-stop-tdTomato,GSM2631517,Illumina HiSeq 2000,SINGLE,cDNA,TRANSCRIPTOMIC,Mus musculus,ILLUMINA,2017-12-13T00:00:00Z,GSM2631517,Brain,SRP108034,C57BL/6,brain
SRR5604959,adult mice,RNA-Seq,43,24160883,PRJNA388076,SAMN07168349,19433238,GEO,public,"fastq,sra","gs,ncbi,s3","gs.US,ncbi.public,s3.us-east-1",SRX2857553,SM22-Cre;Rosa26-stop-tdTomato,GSM2631518,Illumina HiSeq 2000,SINGLE,cDNA,TRANSCRIPTOMIC,Mus musculus,ILLUMINA,2017-12-13T00:00:00Z,GSM2631518,Brain,SRP108034,C57BL/6,brain
SRR5604960,adult mice,RNA-Seq,43,22138034,PRJNA388076,SAMN07168348,17829078,GEO,public,"fastq,sra","gs,ncbi,s3","gs.US,ncbi.public,s3.us-east-1",SRX2857554,SM22-Cre;Rosa26-stop-tdTomato,GSM2631519,Illumina HiSeq 2000,SINGLE,cDNA,TRANSCRIPTOMIC,Mus musculus,ILLUMINA,2017-12-13T00:00:00Z,GSM2631519,Brain,SRP108034,C57BL/6,brain
SRR5604961,adult mice,RNA-Seq,43,18325697,PRJNA388076,SAMN07168318,14955659,GEO,public,"fastq,sra","gs,ncbi,s3","gs.US,ncbi.public,s3.us-east-1",SRX2857555,SM22-Cre;Rosa26-stop-tdTomato,GSM2631520,Illumina HiSeq 2000,SINGLE,cDNA,TRANSCRIPTOMIC,Mus musculus,ILLUMINA,2017-12-13T00:00:00Z,GSM2631520,Brain,SRP108034,C57BL/6,brain
SRR5604962,adult mice,RNA-Seq,43,11266172,PRJNA388076,SAMN07168317,9595885,GEO,public,"fastq,sra","gs,ncbi,s3","gs.US,ncbi.public,s3.us-east-1",SRX2857556,SM22-Cre;Rosa26-stop-tdTomato,GSM2631521,Illumina HiSeq 2000,SINGLE,cDNA,TRANSCRIPTOMIC,Mus musculus,ILLUMINA,2017-12-13T00:00:00Z,GSM2631521,Brain,SRP108034,C57BL/6,brain
SRR5604963,adult mice,RNA-Seq,43,15541361,PRJNA388076,SAMN07168316,13083827,GEO,public,"fastq,sra","gs,ncbi,s3","gs.US,ncbi.public,s3.us-east-1",SRX2857557,SM22-Cre;Rosa26-stop-tdTomato,GSM2631522,Illumina HiSeq 2000,SINGLE,cDNA,TRANSCRIPTOMIC,Mus musculus,ILLUMINA,2017-12-13T00:00:00Z,GSM2631522,Brain,SRP108034,C57BL/6,brain
SRR5604964,adult mice,RNA-Seq,43,20961855,PRJNA388076,SAMN07168315,17130452,GEO,public,"fastq,sra","gs,ncbi,s3","gs.US,ncbi.public,s3.us-east-1",SRX2857558,SM22-Cre;Rosa26-stop-tdTomato,GSM2631523,Illumina HiSeq 2000,SINGLE,cDNA,TRANSCRIPTOMIC,Mus musculus,ILLUMINA,2017-12-13T00:00:00Z,GSM2631523,Brain,SRP108034,C57BL/6,brain
SRR5604965,adult mice,RNA-Seq,43,18959474,PRJNA388076,SAMN07168314,15335301,GEO,public,"fastq,sra","gs,ncbi,s3","gs.US,ncbi.public,s3.us-east-1",SRX2857559,SM22-Cre;Rosa26-stop-tdTomato,GSM2631524,Illumina HiSeq 2000,SINGLE,cDNA,TRANSCRIPTOMIC,Mus musculus,ILLUMINA,2017-12-13T00:00:00Z,GSM2631524,Brain,SRP108034,C57BL/6,brain
SRR5604966,adult mice,RNA-Seq,43,24676539,PRJNA388076,SAMN07168313,19821920,GEO,public,"fastq,sra","gs,ncbi,s3","gs.US,ncbi.public,s3.us-east-1",SRX2857560,SM22-Cre;Rosa26-stop-tdTomato,GSM2631525,Illumina HiSeq 2000,SINGLE,cDNA,TRANSCRIPTOMIC,Mus musculus,ILLUMINA,2017-12-13T00:00:00Z,GSM2631525,Brain,SRP108034,C57BL/6,brain
SRR5604967,adult mice,RNA-Seq,43,14081941,PRJNA388076,SAMN07168346,11624098,GEO,public,"fastq,sra","gs,ncbi,s3","gs.US,ncbi.public,s3.us-east-1",SRX2857561,SM22-Cre;Rosa26-stop-tdTomato,GSM2631526,Illumina HiSeq 2000,SINGLE,cDNA,TRANSCRIPTOMIC,Mus musculus,ILLUMINA,2017-12-13T00:00:00Z,GSM2631526,Brain,SRP108034,C57BL/6,brain
SRR5604968,adult mice,RNA-Seq,43,21490454,PRJNA388076,SAMN07168345,17290989,GEO,public,"fastq,sra","gs,ncbi,s3","gs.US,ncbi.public,s3.us-east-1",SRX2857562,SM22-Cre;Rosa26-stop-tdTomato,GSM2631527,Illumina HiSeq 2000,SINGLE,cDNA,TRANSCRIPTOMIC,Mus musculus,ILLUMINA,2017-12-13T00:00:00Z,GSM2631527,Brain,SRP108034,C57BL/6,brain
SRR5604969,adult mice,RNA-Seq,43,22006970,PRJNA388076,SAMN07168344,17971325,GEO,public,"fastq,sra","gs,ncbi,s3","gs.US,ncbi.public,s3.us-east-1",SRX2857563,SM22-Cre;Rosa26-stop-tdTomato,GSM2631528,Illumina HiSeq 2000,SINGLE,cDNA,TRANSCRIPTOMIC,Mus musculus,ILLUMINA,2017-12-13T00:00:00Z,GSM2631528,Brain,SRP108034,C57BL/6,brain
SRR5604970,adult mice,RNA-Seq,43,23454694,PRJNA388076,SAMN07168343,18969877,GEO,public,"fastq,sra","gs,ncbi,s3","gs.US,ncbi.public,s3.us-east-1",SRX2857564,SM22-Cre;Rosa26-stop-tdTomato,GSM2631529,Illumina HiSeq 2000,SINGLE,cDNA,TRANSCRIPTOMIC,Mus musculus,ILLUMINA,2017-12-13T00:00:00Z,GSM2631529,Brain,SRP108034,C57BL/6,brain
SRR5604971,adult mice,RNA-Seq,43,21950210,PRJNA388076,SAMN07168342,18003122,GEO,public,"fastq,sra","gs,ncbi,s3","gs.US,ncbi.public,s3.us-east-1",SRX2857565,SM22-Cre;Rosa26-stop-tdTomato,GSM2631530,Illumina HiSeq 2000,SINGLE,cDNA,TRANSCRIPTOMIC,Mus musculus,ILLUMINA,2017-12-13T00:00:00Z,GSM2631530,Brain,SRP108034,C57BL/6,brain
SRR5604972,adult mice,RNA-Seq,43,25365399,PRJNA388076,SAMN07168341,20564296,GEO,public,"fastq,sra","gs,ncbi,s3","gs.US,ncbi.public,s3.us-east-1",SRX2857566,SM22-Cre;Rosa26-stop-tdTomato,GSM2631531,Illumina HiSeq 2000,SINGLE,cDNA,TRANSCRIPTOMIC,Mus musculus,ILLUMINA,2017-12-13T00:00:00Z,GSM2631531,Brain,SRP108034,C57BL/6,brain
SRR5604973,adult mice,RNA-Seq,43,17045888,PRJNA388076,SAMN07168340,14167884,GEO,public,"fastq,sra","gs,ncbi,s3","gs.US,ncbi.public,s3.us-east-1",SRX2857567,SM22-Cre;Rosa26-stop-tdTomato,GSM2631532,Illumina HiSeq 2000,SINGLE,cDNA,TRANSCRIPTOMIC,Mus musculus,ILLUMINA,2017-12-13T00:00:00Z,GSM2631532,Brain,SRP108034,C57BL/6,brain
SRR5604974,adult mice,RNA-Seq,43,13877003,PRJNA388076,SAMN07168339,11736059,GEO,public,"fastq,sra","gs,ncbi,s3","gs.US,ncbi.public,s3.us-east-1",SRX2857568,SM22-Cre;Rosa26-stop-tdTomato,GSM2631533,Illumina HiSeq 2000,SINGLE,cDNA,TRANSCRIPTOMIC,Mus musculus,ILLUMINA,2017-12-13T00:00:00Z,GSM2631533,Brain,SRP108034,C57BL/6,brain
SRR5604975,adult mice,RNA-Seq,43,22464963,PRJNA388076,SAMN07168338,18105116,GEO,public,"fastq,sra","gs,ncbi,s3","gs.US,ncbi.public,s3.us-east-1",SRX2857569,SM22-Cre;Rosa26-stop-tdTomato,GSM2631534,Illumina HiSeq 2000,SINGLE,cDNA,TRANSCRIPTOMIC,Mus musculus,ILLUMINA,2017-12-13T00:00:00Z,GSM2631534,Brain,SRP108034,C57BL/6,brain
SRR5604976,adult mice,RNA-Seq,43,25446884,PRJNA388076,SAMN07168337,20477984,GEO,public,"fastq,sra","gs,ncbi,s3","gs.US,ncbi.public,s3.us-east-1",SRX2857570,SM22-Cre;Rosa26-stop-tdTomato,GSM2631535,Illumina HiSeq 2000,SINGLE,cDNA,TRANSCRIPTOMIC,Mus musculus,ILLUMINA,2017-12-13T00:00:00Z,GSM2631535,Brain,SRP108034,C57BL/6,brain
SRR5604977,adult mice,RNA-Seq,43,21419805,PRJNA388076,SAMN07168336,17609573,GEO,public,"fastq,sra","gs,ncbi,s3","gs.US,ncbi.public,s3.us-east-1",SRX2857571,SM22-Cre;Rosa26-stop-tdTomato,GSM2631536,Illumina HiSeq 2000,SINGLE,cDNA,TRANSCRIPTOMIC,Mus musculus,ILLUMINA,2017-12-13T00:00:00Z,GSM2631536,Brain,SRP108034,C57BL/6,brain
SRR5604978,adult mice,RNA-Seq,43,28641311,PRJNA388076,SAMN07168335,22979468,GEO,public,"fastq,sra","gs,ncbi,s3","gs.US,ncbi.public,s3.us-east-1",SRX2857572,SM22-Cre;Rosa26-stop-tdTomato,GSM2631537,Illumina HiSeq 2000,SINGLE,cDNA,TRANSCRIPTOMIC,Mus musculus,ILLUMINA,2017-12-13T00:00:00Z,GSM2631537,Brain,SRP108034,C57BL/6,brain
SRR5604979,adult mice,RNA-Seq,43,15454114,PRJNA388076,SAMN07168334,13012668,GEO,public,"fastq,sra","gs,ncbi,s3","gs.US,ncbi.public,s3.us-east-1",SRX2857573,SM22-Cre;Rosa26-stop-tdTomato,GSM2631538,Illumina HiSeq 2000,SINGLE,cDNA,TRANSCRIPTOMIC,Mus musculus,ILLUMINA,2017-12-13T00:00:00Z,GSM2631538,Brain,SRP108034,C57BL/6,brain
SRR5604980,adult mice,RNA-Seq,43,22022493,PRJNA388076,SAMN07168333,18021087,GEO,public,"fastq,sra","gs,ncbi,s3","gs.US,ncbi.public,s3.us-east-1",SRX2857574,SM22-Cre;Rosa26-stop-tdTomato,GSM2631539,Illumina HiSeq 2000,SINGLE,cDNA,TRANSCRIPTOMIC,Mus musculus,ILLUMINA,2017-12-13T00:00:00Z,GSM2631539,Brain,SRP108034,C57BL/6,brain
SRR5604981,adult mice,RNA-Seq,43,27239941,PRJNA388076,SAMN07168332,21976286,GEO,public,"fastq,sra","gs,ncbi,s3","gs.US,ncbi.public,s3.us-east-1",SRX2857575,SM22-Cre;Rosa26-stop-tdTomato,GSM2631540,Illumina HiSeq 2000,SINGLE,cDNA,TRANSCRIPTOMIC,Mus musculus,ILLUMINA,2017-12-13T00:00:00Z,GSM2631540,Brain,SRP108034,C57BL/6,brain
SRR5604982,adult mice,RNA-Seq,43,28215697,PRJNA388076,SAMN07168331,22687738,GEO,public,"fastq,sra","gs,ncbi,s3","gs.US,ncbi.public,s3.us-east-1",SRX2857576,SM22-Cre;Rosa26-stop-tdTomato,GSM2631541,Illumina HiSeq 2000,SINGLE,cDNA,TRANSCRIPTOMIC,Mus musculus,ILLUMINA,2017-12-13T00:00:00Z,GSM2631541,Brain,SRP108034,C57BL/6,brain
SRR5604983,adult mice,RNA-Seq,43,26076490,PRJNA388076,SAMN07168330,20991841,GEO,public,"fastq,sra","gs,ncbi,s3","gs.US,ncbi.public,s3.us-east-1",SRX2857577,SM22-Cre;Rosa26-stop-tdTomato,GSM2631542,Illumina HiSeq 2000,SINGLE,cDNA,TRANSCRIPTOMIC,Mus musculus,ILLUMINA,2017-12-13T00:00:00Z,GSM2631542,Brain,SRP108034,C57BL/6,brain
SRR5604984,adult mice,RNA-Seq,43,27175613,PRJNA388076,SAMN07168329,21884142,GEO,public,"fastq,sra","gs,ncbi,s3","gs.US,ncbi.public,s3.us-east-1",SRX2857578,SM22-Cre;Rosa26-stop-tdTomato,GSM2631543,Illumina HiSeq 2000,SINGLE,cDNA,TRANSCRIPTOMIC,Mus musculus,ILLUMINA,2017-12-13T00:00:00Z,GSM2631543,Brain,SRP108034,C57BL/6,brain
SRR5604985,adult mice,RNA-Seq,43,32430600,PRJNA388076,SAMN07168328,25995615,GEO,public,"fastq,sra","gs,ncbi,s3","gs.US,ncbi.public,s3.us-east-1",SRX2857579,SM22-Cre;Rosa26-stop-tdTomato,GSM2631544,Illumina HiSeq 2000,SINGLE,cDNA,TRANSCRIPTOMIC,Mus musculus,ILLUMINA,2017-12-13T00:00:00Z,GSM2631544,Brain,SRP108034,C57BL/6,brain
SRR5604986,adult mice,RNA-Seq,43,19489148,PRJNA388076,SAMN07168324,15939871,GEO,public,"fastq,sra","gs,ncbi,s3","gs.US,ncbi.public,s3.us-east-1",SRX2857580,SM22-Cre;Rosa26-stop-tdTomato,GSM2631545,Illumina HiSeq 2000,SINGLE,cDNA,TRANSCRIPTOMIC,Mus musculus,ILLUMINA,2017-12-13T00:00:00Z,GSM2631545,Brain,SRP108034,C57BL/6,brain
SRR5604987,adult mice,RNA-Seq,43,28445403,PRJNA388076,SAMN07168323,22836838,GEO,public,"fastq,sra","gs,ncbi,s3","gs.US,ncbi.public,s3.us-east-1",SRX2857581,SM22-Cre;Rosa26-stop-tdTomato,GSM2631546,Illumina HiSeq 2000,SINGLE,cDNA,TRANSCRIPTOMIC,Mus musculus,ILLUMINA,2017-12-13T00:00:00Z,GSM2631546,Brain,SRP108034,C57BL/6,brain
SRR5604988,adult mice,RNA-Seq,43,25450410,PRJNA388076,SAMN07168327,20466676,GEO,public,"fastq,sra","gs,ncbi,s3","gs.US,ncbi.public,s3.us-east-1",SRX2857582,SM22-Cre;Rosa26-stop-tdTomato,GSM2631547,Illumina HiSeq 2000,SINGLE,cDNA,TRANSCRIPTOMIC,Mus musculus,ILLUMINA,2017-12-13T00:00:00Z,GSM2631547,Brain,SRP108034,C57BL/6,brain
SRR5604989,adult mice,RNA-Seq,43,24754885,PRJNA388076,SAMN07168326,19884350,GEO,public,"fastq,sra","gs,ncbi,s3","gs.US,ncbi.public,s3.us-east-1",SRX2857583,SM22-Cre;Rosa26-stop-tdTomato,GSM2631548,Illumina HiSeq 2000,SINGLE,cDNA,TRANSCRIPTOMIC,Mus musculus,ILLUMINA,2017-12-13T00:00:00Z,GSM2631548,Brain,SRP108034,C57BL/6,brain
SRR5604990,adult mice,RNA-Seq,43,22492612,PRJNA388076,SAMN07168325,18082354,GEO,public,"fastq,sra","gs,ncbi,s3","gs.US,ncbi.public,s3.us-east-1",SRX2857584,SM22-Cre;Rosa26-stop-tdTomato,GSM2631549,Illumina HiSeq 2000,SINGLE,cDNA,TRANSCRIPTOMIC,Mus musculus,ILLUMINA,2017-12-13T00:00:00Z,GSM2631549,Brain,SRP108034,C57BL/6,brain
SRR5604991,adult mice,RNA-Seq,43,22621870,PRJNA388076,SAMN07168322,18232475,GEO,public,"fastq,sra","gs,ncbi,s3","gs.US,ncbi.public,s3.us-east-1",SRX2857585,SM22-Cre;Rosa26-stop-tdTomato,GSM2631550,Illumina HiSeq 2000,SINGLE,cDNA,TRANSCRIPTOMIC,Mus musculus,ILLUMINA,2017-12-13T00:00:00Z,GSM2631550,Brain,SRP108034,C57BL/6,brain
SRR5604992,adult mice,RNA-Seq,43,27598991,PRJNA388076,SAMN07168312,22191208,GEO,public,"fastq,sra","gs,ncbi,s3","gs.US,ncbi.public,s3.us-east-1",SRX2857586,SM22-Cre;Rosa26-stop-tdTomato,GSM2631551,Illumina HiSeq 2000,SINGLE,cDNA,TRANSCRIPTOMIC,Mus musculus,ILLUMINA,2017-12-13T00:00:00Z,GSM2631551,Brain,SRP108034,C57BL/6,brain
SRR5604993,adult mice,RNA-Seq,43,30121500,PRJNA388076,SAMN07168311,24235675,GEO,public,"fastq,sra","gs,ncbi,s3","gs.US,ncbi.public,s3.us-east-1",SRX2857587,SM22-Cre;Rosa26-stop-tdTomato,GSM2631552,Illumina HiSeq 2000,SINGLE,cDNA,TRANSCRIPTOMIC,Mus musculus,ILLUMINA,2017-12-13T00:00:00Z,GSM2631552,Brain,SRP108034,C57BL/6,brain
SRR5604994,adult mice,RNA-Seq,43,14434068,PRJNA388076,SAMN07168310,11642613,GEO,public,"fastq,sra","gs,ncbi,s3","gs.US,ncbi.public,s3.us-east-1",SRX2857588,SM22-Cre;Rosa26-stop-tdTomato,GSM2631553,Illumina HiSeq 2000,SINGLE,cDNA,TRANSCRIPTOMIC,Mus musculus,ILLUMINA,2017-12-13T00:00:00Z,GSM2631553,Brain,SRP108034,C57BL/6,brain
SRR5604995,adult mice,RNA-Seq,43,15111533,PRJNA388076,SAMN07168309,12194695,GEO,public,"fastq,sra","gs,ncbi,s3","gs.US,ncbi.public,s3.us-east-1",SRX2857589,SM22-Cre;Rosa26-stop-tdTomato,GSM2631554,Illumina HiSeq 2000,SINGLE,cDNA,TRANSCRIPTOMIC,Mus musculus,ILLUMINA,2017-12-13T00:00:00Z,GSM2631554,Brain,SRP108034,C57BL/6,brain
SRR5604996,adult mice,RNA-Seq,43,32023218,PRJNA388076,SAMN07168308,25668590,GEO,public,"fastq,sra","gs,ncbi,s3","gs.US,ncbi.public,s3.us-east-1",SRX2857590,SM22-Cre;Rosa26-stop-tdTomato,GSM2631555,Illumina HiSeq 2000,SINGLE,cDNA,TRANSCRIPTOMIC,Mus musculus,ILLUMINA,2017-12-13T00:00:00Z,GSM2631555,Brain,SRP108034,C57BL/6,brain
SRR5604997,adult mice,RNA-Seq,43,31656256,PRJNA388076,SAMN07168307,25355075,GEO,public,"fastq,sra","gs,ncbi,s3","gs.US,ncbi.public,s3.us-east-1",SRX2857591,SM22-Cre;Rosa26-stop-tdTomato,GSM2631556,Illumina HiSeq 2000,SINGLE,cDNA,TRANSCRIPTOMIC,Mus musculus,ILLUMINA,2017-12-13T00:00:00Z,GSM2631556,Brain,SRP108034,C57BL/6,brain
SRR5604998,adult mice,RNA-Seq,43,25518393,PRJNA388076,SAMN07168306,20476643,GEO,public,"fastq,sra","gs,ncbi,s3","gs.US,ncbi.public,s3.us-east-1",SRX2857592,SM22-Cre;Rosa26-stop-tdTomato,GSM2631557,Illumina HiSeq 2000,SINGLE,cDNA,TRANSCRIPTOMIC,Mus musculus,ILLUMINA,2017-12-13T00:00:00Z,GSM2631557,Brain,SRP108034,C57BL/6,brain
SRR5604999,adult mice,RNA-Seq,43,25828810,PRJNA388076,SAMN07168305,20772959,GEO,public,"fastq,sra","gs,ncbi,s3","gs.US,ncbi.public,s3.us-east-1",SRX2857593,SM22-Cre;Rosa26-stop-tdTomato,GSM2631558,Illumina HiSeq 2000,SINGLE,cDNA,TRANSCRIPTOMIC,Mus musculus,ILLUMINA,2017-12-13T00:00:00Z,GSM2631558,Brain,SRP108034,C57BL/6,brain
SRR5605000,adult mice,RNA-Seq,43,21838410,PRJNA388076,SAMN07168304,17984832,GEO,public,"fastq,sra","gs,ncbi,s3","gs.US,ncbi.public,s3.us-east-1",SRX2857594,SM22-Cre;Rosa26-stop-tdTomato,GSM2631559,Illumina HiSeq 2000,SINGLE,cDNA,TRANSCRIPTOMIC,Mus musculus,ILLUMINA,2017-12-13T00:00:00Z,GSM2631559,Brain,SRP108034,C57BL/6,brain
SRR5605001,adult mice,RNA-Seq,43,23206799,PRJNA388076,SAMN07168303,18680597,GEO,public,"fastq,sra","gs,ncbi,s3","gs.US,ncbi.public,s3.us-east-1",SRX2857595,SM22-Cre;Rosa26-stop-tdTomato,GSM2631560,Illumina HiSeq 2000,SINGLE,cDNA,TRANSCRIPTOMIC,Mus musculus,ILLUMINA,2017-12-13T00:00:00Z,GSM2631560,Brain,SRP108034,C57BL/6,brain
SRR5605002,adult mice,RNA-Seq,43,21170491,PRJNA388076,SAMN07168302,17087053,GEO,public,"fastq,sra","gs,ncbi,s3","gs.US,ncbi.public,s3.us-east-1",SRX2857596,SM22-Cre;Rosa26-stop-tdTomato,GSM2631561,Illumina HiSeq 2000,SINGLE,cDNA,TRANSCRIPTOMIC,Mus musculus,ILLUMINA,2017-12-13T00:00:00Z,GSM2631561,Brain,SRP108034,C57BL/6,brain
SRR5605003,adult mice,RNA-Seq,43,22355356,PRJNA388076,SAMN07168301,17993078,GEO,public,"fastq,sra","gs,ncbi,s3","gs.US,ncbi.public,s3.us-east-1",SRX2857597,SM22-Cre;Rosa26-stop-tdTomato,GSM2631562,Illumina HiSeq 2000,SINGLE,cDNA,TRANSCRIPTOMIC,Mus musculus,ILLUMINA,2017-12-13T00:00:00Z,GSM2631562,Brain,SRP108034,C57BL/6,brain
SRR5605004,adult mice,RNA-Seq,43,21066302,PRJNA388076,SAMN07168300,17065550,GEO,public,"fastq,sra","gs,ncbi,s3","gs.US,ncbi.public,s3.us-east-1",SRX2857598,SM22-Cre;Rosa26-stop-tdTomato,GSM2631563,Illumina HiSeq 2000,SINGLE,cDNA,TRANSCRIPTOMIC,Mus musculus,ILLUMINA,2017-12-13T00:00:00Z,GSM2631563,Brain,SRP108034,C57BL/6,brain
SRR5605005,adult mice,RNA-Seq,43,21528724,PRJNA388076,SAMN07168299,17361133,GEO,public,"fastq,sra","gs,ncbi,s3","gs.US,ncbi.public,s3.us-east-1",SRX2857599,SM22-Cre;Rosa26-stop-tdTomato,GSM2631564,Illumina HiSeq 2000,SINGLE,cDNA,TRANSCRIPTOMIC,Mus musculus,ILLUMINA,2017-12-13T00:00:00Z,GSM2631564,Brain,SRP108034,C57BL/6,brain
SRR5605006,adult mice,RNA-Seq,43,21303060,PRJNA388076,SAMN07168298,17134413,GEO,public,"fastq,sra","gs,ncbi,s3","gs.US,ncbi.public,s3.us-east-1",SRX2857600,SM22-Cre;Rosa26-stop-tdTomato,GSM2631565,Illumina HiSeq 2000,SINGLE,cDNA,TRANSCRIPTOMIC,Mus musculus,ILLUMINA,2017-12-13T00:00:00Z,GSM2631565,Brain,SRP108034,C57BL/6,brain
SRR5605007,adult mice,RNA-Seq,43,22554188,PRJNA388076,SAMN07168297,18195049,GEO,public,"fastq,sra","gs,ncbi,s3","gs.US,ncbi.public,s3.us-east-1",SRX2857601,SM22-Cre;Rosa26-stop-tdTomato,GSM2631566,Illumina HiSeq 2000,SINGLE,cDNA,TRANSCRIPTOMIC,Mus musculus,ILLUMINA,2017-12-13T00:00:00Z,GSM2631566,Brain,SRP108034,C57BL/6,brain
SRR5605008,adult mice,RNA-Seq,43,26801083,PRJNA388076,SAMN07168296,21565244,GEO,public,"fastq,sra","gs,ncbi,s3","gs.US,ncbi.public,s3.us-east-1",SRX2857602,SM22-Cre;Rosa26-stop-tdTomato,GSM2631567,Illumina HiSeq 2000,SINGLE,cDNA,TRANSCRIPTOMIC,Mus musculus,ILLUMINA,2017-12-13T00:00:00Z,GSM2631567,Brain,SRP108034,C57BL/6,brain
SRR5605009,adult mice,RNA-Seq,43,28238960,PRJNA388076,SAMN07168295,22693985,GEO,public,"fastq,sra","gs,ncbi,s3","gs.US,ncbi.public,s3.us-east-1",SRX2857603,SM22-Cre;Rosa26-stop-tdTomato,GSM2631568,Illumina HiSeq 2000,SINGLE,cDNA,TRANSCRIPTOMIC,Mus musculus,ILLUMINA,2017-12-13T00:00:00Z,GSM2631568,Brain,SRP108034,C57BL/6,brain
SRR5605010,adult mice,RNA-Seq,43,23742622,PRJNA388076,SAMN07168294,19147703,GEO,public,"fastq,sra","gs,ncbi,s3","gs.US,ncbi.public,s3.us-east-1",SRX2857604,SM22-Cre;Rosa26-stop-tdTomato,GSM2631569,Illumina HiSeq 2000,SINGLE,cDNA,TRANSCRIPTOMIC,Mus musculus,ILLUMINA,2017-12-13T00:00:00Z,GSM2631569,Brain,SRP108034,C57BL/6,brain
SRR5605011,adult mice,RNA-Seq,43,24809710,PRJNA388076,SAMN07168293,20006484,GEO,public,"fastq,sra","gs,ncbi,s3","gs.US,ncbi.public,s3.us-east-1",SRX2857605,SM22-Cre;Rosa26-stop-tdTomato,GSM2631570,Illumina HiSeq 2000,SINGLE,cDNA,TRANSCRIPTOMIC,Mus musculus,ILLUMINA,2017-12-13T00:00:00Z,GSM2631570,Brain,SRP108034,C57BL/6,brain
SRR5605012,adult mice,RNA-Seq,43,29390457,PRJNA388076,SAMN07168141,23608749,GEO,public,"fastq,sra","gs,ncbi,s3","gs.US,ncbi.public,s3.us-east-1",SRX2857606,SM22-Cre;Rosa26-stop-tdTomato,GSM2631571,Illumina HiSeq 2000,SINGLE,cDNA,TRANSCRIPTOMIC,Mus musculus,ILLUMINA,2017-12-13T00:00:00Z,GSM2631571,Brain,SRP108034,C57BL/6,brain
SRR5605013,adult mice,RNA-Seq,43,22467199,PRJNA388076,SAMN07168140,18323994,GEO,public,"fastq,sra","gs,ncbi,s3","gs.US,ncbi.public,s3.us-east-1",SRX2857607,SM22-Cre;Rosa26-stop-tdTomato,GSM2631572,Illumina HiSeq 2000,SINGLE,cDNA,TRANSCRIPTOMIC,Mus musculus,ILLUMINA,2017-12-13T00:00:00Z,GSM2631572,Brain,SRP108034,C57BL/6,brain
SRR5605014,adult mice,RNA-Seq,43,30172068,PRJNA388076,SAMN07168262,24203337,GEO,public,"fastq,sra","gs,ncbi,s3","gs.US,ncbi.public,s3.us-east-1",SRX2857608,SM22-Cre;Rosa26-stop-tdTomato,GSM2631573,Illumina HiSeq 2000,SINGLE,cDNA,TRANSCRIPTOMIC,Mus musculus,ILLUMINA,2017-12-13T00:00:00Z,GSM2631573,Brain,SRP108034,C57BL/6,brain
SRR5605015,adult mice,RNA-Seq,43,21024592,PRJNA388076,SAMN07168261,17056275,GEO,public,"fastq,sra","gs,ncbi,s3","gs.US,ncbi.public,s3.us-east-1",SRX2857609,SM22-Cre;Rosa26-stop-tdTomato,GSM2631574,Illumina HiSeq 2000,SINGLE,cDNA,TRANSCRIPTOMIC,Mus musculus,ILLUMINA,2017-12-13T00:00:00Z,GSM2631574,Brain,SRP108034,C57BL/6,brain
SRR5605016,adult mice,RNA-Seq,43,24181695,PRJNA388076,SAMN07168260,19469468,GEO,public,"fastq,sra","gs,ncbi,s3","gs.US,ncbi.public,s3.us-east-1",SRX2857610,SM22-Cre;Rosa26-stop-tdTomato,GSM2631575,Illumina HiSeq 2000,SINGLE,cDNA,TRANSCRIPTOMIC,Mus musculus,ILLUMINA,2017-12-13T00:00:00Z,GSM2631575,Brain,SRP108034,C57BL/6,brain
SRR5605017,adult mice,RNA-Seq,43,26279536,PRJNA388076,SAMN07168259,21120261,GEO,public,"fastq,sra","gs,ncbi,s3","gs.US,ncbi.public,s3.us-east-1",SRX2857611,SM22-Cre;Rosa26-stop-tdTomato,GSM2631576,Illumina HiSeq 2000,SINGLE,cDNA,TRANSCRIPTOMIC,Mus musculus,ILLUMINA,2017-12-13T00:00:00Z,GSM2631576,Brain,SRP108034,C57BL/6,brain
SRR5605018,adult mice,RNA-Seq,43,25802967,PRJNA388076,SAMN07168139,21103339,GEO,public,"fastq,sra","gs,ncbi,s3","gs.US,ncbi.public,s3.us-east-1",SRX2857612,SM22-Cre;Rosa26-stop-tdTomato,GSM2631577,Illumina HiSeq 2000,SINGLE,cDNA,TRANSCRIPTOMIC,Mus musculus,ILLUMINA,2017-12-13T00:00:00Z,GSM2631577,Brain,SRP108034,C57BL/6,brain
SRR5605019,adult mice,RNA-Seq,43,24649148,PRJNA388076,SAMN07168258,19877029,GEO,public,"fastq,sra","gs,ncbi,s3","gs.US,ncbi.public,s3.us-east-1",SRX2857613,SM22-Cre;Rosa26-stop-tdTomato,GSM2631578,Illumina HiSeq 2000,SINGLE,cDNA,TRANSCRIPTOMIC,Mus musculus,ILLUMINA,2017-12-13T00:00:00Z,GSM2631578,Brain,SRP108034,C57BL/6,brain
SRR5605020,adult mice,RNA-Seq,43,22633351,PRJNA388076,SAMN07168257,18400416,GEO,public,"fastq,sra","gs,ncbi,s3","gs.US,ncbi.public,s3.us-east-1",SRX2857614,SM22-Cre;Rosa26-stop-tdTomato,GSM2631579,Illumina HiSeq 2000,SINGLE,cDNA,TRANSCRIPTOMIC,Mus musculus,ILLUMINA,2017-12-13T00:00:00Z,GSM2631579,Brain,SRP108034,C57BL/6,brain
SRR5605021,adult mice,RNA-Seq,43,16213881,PRJNA388076,SAMN07168256,13599500,GEO,public,"fastq,sra","gs,ncbi,s3","gs.US,ncbi.public,s3.us-east-1",SRX2857615,SM22-Cre;Rosa26-stop-tdTomato,GSM2631580,Illumina HiSeq 2000,SINGLE,cDNA,TRANSCRIPTOMIC,Mus musculus,ILLUMINA,2017-12-13T00:00:00Z,GSM2631580,Brain,SRP108034,C57BL/6,brain
SRR5605022,adult mice,RNA-Seq,43,16969649,PRJNA388076,SAMN07168255,14053490,GEO,public,"fastq,sra","gs,ncbi,s3","gs.US,ncbi.public,s3.us-east-1",SRX2857616,SM22-Cre;Rosa26-stop-tdTomato,GSM2631581,Illumina HiSeq 2000,SINGLE,cDNA,TRANSCRIPTOMIC,Mus musculus,ILLUMINA,2017-12-13T00:00:00Z,GSM2631581,Brain,SRP108034,C57BL/6,brain
SRR5605023,adult mice,RNA-Seq,43,21703218,PRJNA388076,SAMN07168254,17730706,GEO,public,"fastq,sra","gs,ncbi,s3","gs.US,ncbi.public,s3.us-east-1",SRX2857617,SM22-Cre;Rosa26-stop-tdTomato,GSM2631582,Illumina HiSeq 2000,SINGLE,cDNA,TRANSCRIPTOMIC,Mus musculus,ILLUMINA,2017-12-13T00:00:00Z,GSM2631582,Brain,SRP108034,C57BL/6,brain
SRR5605024,adult mice,RNA-Seq,43,24372787,PRJNA388076,SAMN07168253,19634689,GEO,public,"fastq,sra","gs,ncbi,s3","gs.US,ncbi.public,s3.us-east-1",SRX2857618,SM22-Cre;Rosa26-stop-tdTomato,GSM2631583,Illumina HiSeq 2000,SINGLE,cDNA,TRANSCRIPTOMIC,Mus musculus,ILLUMINA,2017-12-13T00:00:00Z,GSM2631583,Brain,SRP108034,C57BL/6,brain
SRR5605025,adult mice,RNA-Seq,43,16921188,PRJNA388076,SAMN07168252,14142710,GEO,public,"fastq,sra","gs,ncbi,s3","gs.US,ncbi.public,s3.us-east-1",SRX2857619,SM22-Cre;Rosa26-stop-tdTomato,GSM2631584,Illumina HiSeq 2000,SINGLE,cDNA,TRANSCRIPTOMIC,Mus musculus,ILLUMINA,2017-12-13T00:00:00Z,GSM2631584,Brain,SRP108034,C57BL/6,brain
SRR5605026,adult mice,RNA-Seq,43,24348449,PRJNA388076,SAMN07168251,19618276,GEO,public,"fastq,sra","gs,ncbi,s3","gs.US,ncbi.public,s3.us-east-1",SRX2857620,SM22-Cre;Rosa26-stop-tdTomato,GSM2631585,Illumina HiSeq 2000,SINGLE,cDNA,TRANSCRIPTOMIC,Mus musculus,ILLUMINA,2017-12-13T00:00:00Z,GSM2631585,Brain,SRP108034,C57BL/6,brain
SRR5605027,adult mice,RNA-Seq,43,24347718,PRJNA388076,SAMN07168250,19607074,GEO,public,"fastq,sra","gs,ncbi,s3","gs.US,ncbi.public,s3.us-east-1",SRX2857621,SM22-Cre;Rosa26-stop-tdTomato,GSM2631586,Illumina HiSeq 2000,SINGLE,cDNA,TRANSCRIPTOMIC,Mus musculus,ILLUMINA,2017-12-13T00:00:00Z,GSM2631586,Brain,SRP108034,C57BL/6,brain
SRR5605028,adult mice,RNA-Seq,43,24454358,PRJNA388076,SAMN07168249,19669738,GEO,public,"fastq,sra","gs,ncbi,s3","gs.US,ncbi.public,s3.us-east-1",SRX2857622,SM22-Cre;Rosa26-stop-tdTomato,GSM2631587,Illumina HiSeq 2000,SINGLE,cDNA,TRANSCRIPTOMIC,Mus musculus,ILLUMINA,2017-12-13T00:00:00Z,GSM2631587,Brain,SRP108034,C57BL/6,brain
SRR5605029,adult mice,RNA-Seq,43,25885742,PRJNA388076,SAMN07168248,20823936,GEO,public,"fastq,sra","gs,ncbi,s3","gs.US,ncbi.public,s3.us-east-1",SRX2857623,SM22-Cre;Rosa26-stop-tdTomato,GSM2631588,Illumina HiSeq 2000,SINGLE,cDNA,TRANSCRIPTOMIC,Mus musculus,ILLUMINA,2017-12-13T00:00:00Z,GSM2631588,Brain,SRP108034,C57BL/6,brain
SRR5605030,adult mice,RNA-Seq,43,25094413,PRJNA388076,SAMN07168247,20155567,GEO,public,"fastq,sra","gs,ncbi,s3","gs.US,ncbi.public,s3.us-east-1",SRX2857624,SM22-Cre;Rosa26-stop-tdTomato,GSM2631589,Illumina HiSeq 2000,SINGLE,cDNA,TRANSCRIPTOMIC,Mus musculus,ILLUMINA,2017-12-13T00:00:00Z,GSM2631589,Brain,SRP108034,C57BL/6,brain
SRR5605031,adult mice,RNA-Seq,43,22601832,PRJNA388076,SAMN07168246,18179675,GEO,public,"fastq,sra","gs,ncbi,s3","gs.US,ncbi.public,s3.us-east-1",SRX2857625,SM22-Cre;Rosa26-stop-tdTomato,GSM2631590,Illumina HiSeq 2000,SINGLE,cDNA,TRANSCRIPTOMIC,Mus musculus,ILLUMINA,2017-12-13T00:00:00Z,GSM2631590,Brain,SRP108034,C57BL/6,brain
SRR5605032,adult mice,RNA-Seq,43,34681994,PRJNA388076,SAMN07168245,27719012,GEO,public,"fastq,sra","gs,ncbi,s3","gs.US,ncbi.public,s3.us-east-1",SRX2857626,SM22-Cre;Rosa26-stop-tdTomato,GSM2631591,Illumina HiSeq 2000,SINGLE,cDNA,TRANSCRIPTOMIC,Mus musculus,ILLUMINA,2017-12-13T00:00:00Z,GSM2631591,Brain,SRP108034,C57BL/6,brain
SRR5605033,adult mice,RNA-Seq,43,34814391,PRJNA388076,SAMN07168244,27651023,GEO,public,"fastq,sra","gs,ncbi,s3","gs.US,ncbi.public,s3.us-east-1",SRX2857627,SM22-Cre;Rosa26-stop-tdTomato,GSM2631592,Illumina HiSeq 2000,SINGLE,cDNA,TRANSCRIPTOMIC,Mus musculus,ILLUMINA,2017-12-13T00:00:00Z,GSM2631592,Brain,SRP108034,C57BL/6,brain
SRR5605034,adult mice,RNA-Seq,43,25818576,PRJNA388076,SAMN07168243,21156988,GEO,public,"fastq,sra","gs,ncbi,s3","gs.US,ncbi.public,s3.us-east-1",SRX2857628,SM22-Cre;Rosa26-stop-tdTomato,GSM2631593,Illumina HiSeq 2000,SINGLE,cDNA,TRANSCRIPTOMIC,Mus musculus,ILLUMINA,2017-12-13T00:00:00Z,GSM2631593,Brain,SRP108034,C57BL/6,brain
SRR5605035,adult mice,RNA-Seq,43,37294072,PRJNA388076,SAMN07168242,29641019,GEO,public,"fastq,sra","gs,ncbi,s3","gs.US,ncbi.public,s3.us-east-1",SRX2857629,SM22-Cre;Rosa26-stop-tdTomato,GSM2631594,Illumina HiSeq 2000,SINGLE,cDNA,TRANSCRIPTOMIC,Mus musculus,ILLUMINA,2017-12-13T00:00:00Z,GSM2631594,Brain,SRP108034,C57BL/6,brain
SRR5605036,adult mice,RNA-Seq,43,38950303,PRJNA388076,SAMN07168241,30927825,GEO,public,"fastq,sra","gs,ncbi,s3","gs.US,ncbi.public,s3.us-east-1",SRX2857630,SM22-Cre;Rosa26-stop-tdTomato,GSM2631595,Illumina HiSeq 2000,SINGLE,cDNA,TRANSCRIPTOMIC,Mus musculus,ILLUMINA,2017-12-13T00:00:00Z,GSM2631595,Brain,SRP108034,C57BL/6,brain
SRR5605037,adult mice,RNA-Seq,43,33790862,PRJNA388076,SAMN07168240,26928038,GEO,public,"fastq,sra","gs,ncbi,s3","gs.US,ncbi.public,s3.us-east-1",SRX2857631,SM22-Cre;Rosa26-stop-tdTomato,GSM2631596,Illumina HiSeq 2000,SINGLE,cDNA,TRANSCRIPTOMIC,Mus musculus,ILLUMINA,2017-12-13T00:00:00Z,GSM2631596,Brain,SRP108034,C57BL/6,brain
SRR5605038,adult mice,RNA-Seq,43,39321006,PRJNA388076,SAMN07168239,31174615,GEO,public,"fastq,sra","gs,ncbi,s3","gs.US,ncbi.public,s3.us-east-1",SRX2857632,SM22-Cre;Rosa26-stop-tdTomato,GSM2631597,Illumina HiSeq 2000,SINGLE,cDNA,TRANSCRIPTOMIC,Mus musculus,ILLUMINA,2017-12-13T00:00:00Z,GSM2631597,Brain,SRP108034,C57BL/6,brain
SRR5605039,adult mice,RNA-Seq,43,34052560,PRJNA388076,SAMN07168238,27190388,GEO,public,"fastq,sra","gs,ncbi,s3","gs.US,ncbi.public,s3.us-east-1",SRX2857633,SM22-Cre;Rosa26-stop-tdTomato,GSM2631598,Illumina HiSeq 2000,SINGLE,cDNA,TRANSCRIPTOMIC,Mus musculus,ILLUMINA,2017-12-13T00:00:00Z,GSM2631598,Brain,SRP108034,C57BL/6,brain
SRR5605040,adult mice,RNA-Seq,43,26001541,PRJNA388076,SAMN07168237,21184155,GEO,public,"fastq,sra","gs,ncbi,s3","gs.US,ncbi.public,s3.us-east-1",SRX2857634,SM22-Cre;Rosa26-stop-tdTomato,GSM2631599,Illumina HiSeq 2000,SINGLE,cDNA,TRANSCRIPTOMIC,Mus musculus,ILLUMINA,2017-12-13T00:00:00Z,GSM2631599,Brain,SRP108034,C57BL/6,brain
SRR5605041,adult mice,RNA-Seq,43,36256955,PRJNA388076,SAMN07168236,29064112,GEO,public,"fastq,sra","gs,ncbi,s3","gs.US,ncbi.public,s3.us-east-1",SRX2857635,SM22-Cre;Rosa26-stop-tdTomato,GSM2631600,Illumina HiSeq 2000,SINGLE,cDNA,TRANSCRIPTOMIC,Mus musculus,ILLUMINA,2017-12-13T00:00:00Z,GSM2631600,Brain,SRP108034,C57BL/6,brain
SRR5605042,adult mice,RNA-Seq,43,16915125,PRJNA388076,SAMN07168171,14291101,GEO,public,"fastq,sra","gs,ncbi,s3","gs.US,ncbi.public,s3.us-east-1",SRX2857636,SM22-Cre;Rosa26-stop-tdTomato,GSM2631601,Illumina HiSeq 2000,SINGLE,cDNA,TRANSCRIPTOMIC,Mus musculus,ILLUMINA,2017-12-13T00:00:00Z,GSM2631601,Brain,SRP108034,C57BL/6,brain
SRR5605043,adult mice,RNA-Seq,43,29353950,PRJNA388076,SAMN07168167,23510983,GEO,public,"fastq,sra","gs,ncbi,s3","gs.US,ncbi.public,s3.us-east-1",SRX2857637,SM22-Cre;Rosa26-stop-tdTomato,GSM2631602,Illumina HiSeq 2000,SINGLE,cDNA,TRANSCRIPTOMIC,Mus musculus,ILLUMINA,2017-12-13T00:00:00Z,GSM2631602,Brain,SRP108034,C57BL/6,brain
SRR5605044,adult mice,RNA-Seq,43,33034965,PRJNA388076,SAMN07168166,26306506,GEO,public,"fastq,sra","gs,ncbi,s3","gs.US,ncbi.public,s3.us-east-1",SRX2857638,SM22-Cre;Rosa26-stop-tdTomato,GSM2631603,Illumina HiSeq 2000,SINGLE,cDNA,TRANSCRIPTOMIC,Mus musculus,ILLUMINA,2017-12-13T00:00:00Z,GSM2631603,Brain,SRP108034,C57BL/6,brain
SRR5605045,adult mice,RNA-Seq,43,26456180,PRJNA388076,SAMN07168170,21655306,GEO,public,"fastq,sra","gs,ncbi,s3","gs.US,ncbi.public,s3.us-east-1",SRX2857639,SM22-Cre;Rosa26-stop-tdTomato,GSM2631604,Illumina HiSeq 2000,SINGLE,cDNA,TRANSCRIPTOMIC,Mus musculus,ILLUMINA,2017-12-13T00:00:00Z,GSM2631604,Brain,SRP108034,C57BL/6,brain
SRR5605046,adult mice,RNA-Seq,43,39043355,PRJNA388076,SAMN07168169,30990923,GEO,public,"fastq,sra","gs,ncbi,s3","gs.US,ncbi.public,s3.us-east-1",SRX2857640,SM22-Cre;Rosa26-stop-tdTomato,GSM2631605,Illumina HiSeq 2000,SINGLE,cDNA,TRANSCRIPTOMIC,Mus musculus,ILLUMINA,2017-12-13T00:00:00Z,GSM2631605,Brain,SRP108034,C57BL/6,brain
SRR5605047,adult mice,RNA-Seq,43,37194656,PRJNA388076,SAMN07168168,29571039,GEO,public,"fastq,sra","gs,ncbi,s3","gs.US,ncbi.public,s3.us-east-1",SRX2857641,SM22-Cre;Rosa26-stop-tdTomato,GSM2631606,Illumina HiSeq 2000,SINGLE,cDNA,TRANSCRIPTOMIC,Mus musculus,ILLUMINA,2017-12-13T00:00:00Z,GSM2631606,Brain,SRP108034,C57BL/6,brain
SRR5605048,adult mice,RNA-Seq,43,43116530,PRJNA388076,SAMN07168165,34128369,GEO,public,"fastq,sra","gs,ncbi,s3","gs.US,ncbi.public,s3.us-east-1",SRX2857642,SM22-Cre;Rosa26-stop-tdTomato,GSM2631607,Illumina HiSeq 2000,SINGLE,cDNA,TRANSCRIPTOMIC,Mus musculus,ILLUMINA,2017-12-13T00:00:00Z,GSM2631607,Brain,SRP108034,C57BL/6,brain
SRR5605049,adult mice,RNA-Seq,43,44486467,PRJNA388076,SAMN07168164,35142502,GEO,public,"fastq,sra","gs,ncbi,s3","gs.US,ncbi.public,s3.us-east-1",SRX2857643,SM22-Cre;Rosa26-stop-tdTomato,GSM2631608,Illumina HiSeq 2000,SINGLE,cDNA,TRANSCRIPTOMIC,Mus musculus,ILLUMINA,2017-12-13T00:00:00Z,GSM2631608,Brain,SRP108034,C57BL/6,brain
SRR5605050,adult mice,RNA-Seq,43,36898558,PRJNA388076,SAMN07168163,29247644,GEO,public,"fastq,sra","gs,ncbi,s3","gs.US,ncbi.public,s3.us-east-1",SRX2857644,SM22-Cre;Rosa26-stop-tdTomato,GSM2631609,Illumina HiSeq 2000,SINGLE,cDNA,TRANSCRIPTOMIC,Mus musculus,ILLUMINA,2017-12-13T00:00:00Z,GSM2631609,Brain,SRP108034,C57BL/6,brain
SRR5605051,adult mice,RNA-Seq,43,38623718,PRJNA388076,SAMN07168162,30663377,GEO,public,"fastq,sra","gs,ncbi,s3","gs.US,ncbi.public,s3.us-east-1",SRX2857645,SM22-Cre;Rosa26-stop-tdTomato,GSM2631610,Illumina HiSeq 2000,SINGLE,cDNA,TRANSCRIPTOMIC,Mus musculus,ILLUMINA,2017-12-13T00:00:00Z,GSM2631610,Brain,SRP108034,C57BL/6,brain
SRR5605052,adult mice,RNA-Seq,43,40778319,PRJNA388076,SAMN07168161,32317988,GEO,public,"fastq,sra","gs,ncbi,s3","gs.US,ncbi.public,s3.us-east-1",SRX2857646,SM22-Cre;Rosa26-stop-tdTomato,GSM2631611,Illumina HiSeq 2000,SINGLE,cDNA,TRANSCRIPTOMIC,Mus musculus,ILLUMINA,2017-12-13T00:00:00Z,GSM2631611,Brain,SRP108034,C57BL/6,brain
SRR5605053,adult mice,RNA-Seq,43,33710108,PRJNA388076,SAMN07168160,26812729,GEO,public,"fastq,sra","gs,ncbi,s3","gs.US,ncbi.public,s3.us-east-1",SRX2857647,SM22-Cre;Rosa26-stop-tdTomato,GSM2631612,Illumina HiSeq 2000,SINGLE,cDNA,TRANSCRIPTOMIC,Mus musculus,ILLUMINA,2017-12-13T00:00:00Z,GSM2631612,Brain,SRP108034,C57BL/6,brain
SRR5605054,adult mice,RNA-Seq,43,37232367,PRJNA388076,SAMN07168159,29573870,GEO,public,"fastq,sra","gs,ncbi,s3","gs.US,ncbi.public,s3.us-east-1",SRX2857648,SM22-Cre;Rosa26-stop-tdTomato,GSM2631613,Illumina HiSeq 2000,SINGLE,cDNA,TRANSCRIPTOMIC,Mus musculus,ILLUMINA,2017-12-13T00:00:00Z,GSM2631613,Brain,SRP108034,C57BL/6,brain
SRR5605055,adult mice,RNA-Seq,43,41518091,PRJNA388076,SAMN07168158,32904181,GEO,public,"fastq,sra","gs,ncbi,s3","gs.US,ncbi.public,s3.us-east-1",SRX2857649,SM22-Cre;Rosa26-stop-tdTomato,GSM2631614,Illumina HiSeq 2000,SINGLE,cDNA,TRANSCRIPTOMIC,Mus musculus,ILLUMINA,2017-12-13T00:00:00Z,GSM2631614,Brain,SRP108034,C57BL/6,brain
SRR5605056,adult mice,RNA-Seq,43,42575031,PRJNA388076,SAMN07168157,33710811,GEO,public,"fastq,sra","gs,ncbi,s3","gs.US,ncbi.public,s3.us-east-1",SRX2857650,SM22-Cre;Rosa26-stop-tdTomato,GSM2631615,Illumina HiSeq 2000,SINGLE,cDNA,TRANSCRIPTOMIC,Mus musculus,ILLUMINA,2017-12-13T00:00:00Z,GSM2631615,Brain,SRP108034,C57BL/6,brain
SRR5605057,adult mice,RNA-Seq,43,41990489,PRJNA388076,SAMN07168156,33313137,GEO,public,"fastq,sra","gs,ncbi,s3","gs.US,ncbi.public,s3.us-east-1",SRX2857651,SM22-Cre;Rosa26-stop-tdTomato,GSM2631616,Illumina HiSeq 2000,SINGLE,cDNA,TRANSCRIPTOMIC,Mus musculus,ILLUMINA,2017-12-13T00:00:00Z,GSM2631616,Brain,SRP108034,C57BL/6,brain
SRR5605058,adult mice,RNA-Seq,43,39922920,PRJNA388076,SAMN07168155,31646709,GEO,public,"fastq,sra","gs,ncbi,s3","gs.US,ncbi.public,s3.us-east-1",SRX2857652,SM22-Cre;Rosa26-stop-tdTomato,GSM2631617,Illumina HiSeq 2000,SINGLE,cDNA,TRANSCRIPTOMIC,Mus musculus,ILLUMINA,2017-12-13T00:00:00Z,GSM2631617,Brain,SRP108034,C57BL/6,brain
SRR5605059,adult mice,RNA-Seq,43,40463215,PRJNA388076,SAMN07168154,32040843,GEO,public,"fastq,sra","gs,ncbi,s3","gs.US,ncbi.public,s3.us-east-1",SRX2857653,SM22-Cre;Rosa26-stop-tdTomato,GSM2631618,Illumina HiSeq 2000,SINGLE,cDNA,TRANSCRIPTOMIC,Mus musculus,ILLUMINA,2017-12-13T00:00:00Z,GSM2631618,Brain,SRP108034,C57BL/6,brain
SRR5605060,adult mice,RNA-Seq,43,39090913,PRJNA388076,SAMN07168153,31088909,GEO,public,"fastq,sra","gs,ncbi,s3","gs.US,ncbi.public,s3.us-east-1",SRX2857654,SM22-Cre;Rosa26-stop-tdTomato,GSM2631619,Illumina HiSeq 2000,SINGLE,cDNA,TRANSCRIPTOMIC,Mus musculus,ILLUMINA,2017-12-13T00:00:00Z,GSM2631619,Brain,SRP108034,C57BL/6,brain
SRR5605061,adult mice,RNA-Seq,43,33421965,PRJNA388076,SAMN07168152,26713265,GEO,public,"fastq,sra","gs,ncbi,s3","gs.US,ncbi.public,s3.us-east-1",SRX2857655,SM22-Cre;Rosa26-stop-tdTomato,GSM2631620,Illumina HiSeq 2000,SINGLE,cDNA,TRANSCRIPTOMIC,Mus musculus,ILLUMINA,2017-12-13T00:00:00Z,GSM2631620,Brain,SRP108034,C57BL/6,brain
SRR5605062,adult mice,RNA-Seq,43,28885293,PRJNA388076,SAMN07168151,23806315,GEO,public,"fastq,sra","gs,ncbi,s3","gs.US,ncbi.public,s3.us-east-1",SRX2857656,SM22-Cre;Rosa26-stop-tdTomato,GSM2631621,Illumina HiSeq 2000,SINGLE,cDNA,TRANSCRIPTOMIC,Mus musculus,ILLUMINA,2017-12-13T00:00:00Z,GSM2631621,Brain,SRP108034,C57BL/6,brain
SRR5605063,adult mice,RNA-Seq,43,13556438,PRJNA388076,SAMN07168150,11653968,GEO,public,"fastq,sra","gs,ncbi,s3","gs.US,ncbi.public,s3.us-east-1",SRX2857657,SM22-Cre;Rosa26-stop-tdTomato,GSM2631622,Illumina HiSeq 2000,SINGLE,cDNA,TRANSCRIPTOMIC,Mus musculus,ILLUMINA,2017-12-13T00:00:00Z,GSM2631622,Brain,SRP108034,C57BL/6,brain
SRR5605064,adult mice,RNA-Seq,43,16503271,PRJNA388076,SAMN07168149,14179549,GEO,public,"fastq,sra","gs,ncbi,s3","gs.US,ncbi.public,s3.us-east-1",SRX2857658,SM22-Cre;Rosa26-stop-tdTomato,GSM2631623,Illumina HiSeq 2000,SINGLE,cDNA,TRANSCRIPTOMIC,Mus musculus,ILLUMINA,2017-12-13T00:00:00Z,GSM2631623,Brain,SRP108034,C57BL/6,brain
SRR5605065,adult mice,RNA-Seq,43,38647798,PRJNA388076,SAMN07168148,30909753,GEO,public,"fastq,sra","gs,ncbi,s3","gs.US,ncbi.public,s3.us-east-1",SRX2857659,SM22-Cre;Rosa26-stop-tdTomato,GSM2631624,Illumina HiSeq 2000,SINGLE,cDNA,TRANSCRIPTOMIC,Mus musculus,ILLUMINA,2017-12-13T00:00:00Z,GSM2631624,Brain,SRP108034,C57BL/6,brain
SRR5605066,adult mice,RNA-Seq,43,17330548,PRJNA388076,SAMN07168147,14921559,GEO,public,"fastq,sra","gs,ncbi,s3","gs.US,ncbi.public,s3.us-east-1",SRX2857660,SM22-Cre;Rosa26-stop-tdTomato,GSM2631625,Illumina HiSeq 2000,SINGLE,cDNA,TRANSCRIPTOMIC,Mus musculus,ILLUMINA,2017-12-13T00:00:00Z,GSM2631625,Brain,SRP108034,C57BL/6,brain
SRR5605067,adult mice,RNA-Seq,43,36977377,PRJNA388076,SAMN07168146,29375526,GEO,public,"fastq,sra","gs,ncbi,s3","gs.US,ncbi.public,s3.us-east-1",SRX2857661,SM22-Cre;Rosa26-stop-tdTomato,GSM2631626,Illumina HiSeq 2000,SINGLE,cDNA,TRANSCRIPTOMIC,Mus musculus,ILLUMINA,2017-12-13T00:00:00Z,GSM2631626,Brain,SRP108034,C57BL/6,brain
SRR5605068,adult mice,RNA-Seq,43,12254742,PRJNA388076,SAMN07168145,10385563,GEO,public,"fastq,sra","gs,ncbi,s3","gs.US,ncbi.public,s3.us-east-1",SRX2857662,SM22-Cre;Rosa26-stop-tdTomato,GSM2631627,Illumina HiSeq 2000,SINGLE,cDNA,TRANSCRIPTOMIC,Mus musculus,ILLUMINA,2017-12-13T00:00:00Z,GSM2631627,Brain,SRP108034,C57BL/6,brain
SRR5605069,adult mice,RNA-Seq,43,39833480,PRJNA388076,SAMN07168144,31878781,GEO,public,"fastq,sra","gs,ncbi,s3","gs.US,ncbi.public,s3.us-east-1",SRX2857663,SM22-Cre;Rosa26-stop-tdTomato,GSM2631628,Illumina HiSeq 2000,SINGLE,cDNA,TRANSCRIPTOMIC,Mus musculus,ILLUMINA,2017-12-13T00:00:00Z,GSM2631628,Brain,SRP108034,C57BL/6,brain
SRR5605070,adult mice,RNA-Seq,43,21838840,PRJNA388076,SAMN07168143,18609044,GEO,public,"fastq,sra","gs,ncbi,s3","gs.US,ncbi.public,s3.us-east-1",SRX2857664,SM22-Cre;Rosa26-stop-tdTomato,GSM2631629,Illumina HiSeq 2000,SINGLE,cDNA,TRANSCRIPTOMIC,Mus musculus,ILLUMINA,2017-12-13T00:00:00Z,GSM2631629,Brain,SRP108034,C57BL/6,brain
SRR5605071,adult mice,RNA-Seq,43,25116343,PRJNA388076,SAMN07168142,20583817,GEO,public,"fastq,sra","gs,ncbi,s3","gs.US,ncbi.public,s3.us-east-1",SRX2857665,SM22-Cre;Rosa26-stop-tdTomato,GSM2631630,Illumina HiSeq 2000,SINGLE,cDNA,TRANSCRIPTOMIC,Mus musculus,ILLUMINA,2017-12-13T00:00:00Z,GSM2631630,Brain,SRP108034,C57BL/6,brain
SRR5605072,adult mice,RNA-Seq,43,30818143,PRJNA388076,SAMN07168185,25375137,GEO,public,"fastq,sra","gs,ncbi,s3","gs.US,ncbi.public,s3.us-east-1",SRX2857666,SM22-Cre;Rosa26-stop-tdTomato,GSM2631631,Illumina HiSeq 2000,SINGLE,cDNA,TRANSCRIPTOMIC,Mus musculus,ILLUMINA,2017-12-13T00:00:00Z,GSM2631631,Brain,SRP108034,C57BL/6,brain
SRR5605073,adult mice,RNA-Seq,43,43064543,PRJNA388076,SAMN07168184,34141981,GEO,public,"fastq,sra","gs,ncbi,s3","gs.US,ncbi.public,s3.us-east-1",SRX2857667,SM22-Cre;Rosa26-stop-tdTomato,GSM2631632,Illumina HiSeq 2000,SINGLE,cDNA,TRANSCRIPTOMIC,Mus musculus,ILLUMINA,2017-12-13T00:00:00Z,GSM2631632,Brain,SRP108034,C57BL/6,brain
SRR5605074,adult mice,RNA-Seq,43,41793592,PRJNA388076,SAMN07168204,33375328,GEO,public,"fastq,sra","gs,ncbi,s3","gs.US,ncbi.public,s3.us-east-1",SRX2857668,SM22-Cre;Rosa26-stop-tdTomato,GSM2631633,Illumina HiSeq 2000,SINGLE,cDNA,TRANSCRIPTOMIC,Mus musculus,ILLUMINA,2017-12-13T00:00:00Z,GSM2631633,Brain,SRP108034,C57BL/6,brain
SRR5605075,adult mice,RNA-Seq,43,41197526,PRJNA388076,SAMN07168183,32616140,GEO,public,"fastq,sra","gs,ncbi,s3","gs.US,ncbi.public,s3.us-east-1",SRX2857669,SM22-Cre;Rosa26-stop-tdTomato,GSM2631634,Illumina HiSeq 2000,SINGLE,cDNA,TRANSCRIPTOMIC,Mus musculus,ILLUMINA,2017-12-13T00:00:00Z,GSM2631634,Brain,SRP108034,C57BL/6,brain
SRR5605076,adult mice,RNA-Seq,43,40570242,PRJNA388076,SAMN07168182,32229842,GEO,public,"fastq,sra","gs,ncbi,s3","gs.US,ncbi.public,s3.us-east-1",SRX2857670,SM22-Cre;Rosa26-stop-tdTomato,GSM2631635,Illumina HiSeq 2000,SINGLE,cDNA,TRANSCRIPTOMIC,Mus musculus,ILLUMINA,2017-12-13T00:00:00Z,GSM2631635,Brain,SRP108034,C57BL/6,brain
SRR5605077,adult mice,RNA-Seq,43,43126764,PRJNA388076,SAMN07168181,34202855,GEO,public,"fastq,sra","gs,ncbi,s3","gs.US,ncbi.public,s3.us-east-1",SRX2857671,SM22-Cre;Rosa26-stop-tdTomato,GSM2631636,Illumina HiSeq 2000,SINGLE,cDNA,TRANSCRIPTOMIC,Mus musculus,ILLUMINA,2017-12-13T00:00:00Z,GSM2631636,Brain,SRP108034,C57BL/6,brain
SRR5605078,adult mice,RNA-Seq,43,30802362,PRJNA388076,SAMN07168138,24561036,GEO,public,"fastq,sra","gs,ncbi,s3","gs.US,ncbi.public,s3.us-east-1",SRX2857672,SM22-Cre;Rosa26-stop-tdTomato,GSM2631637,Illumina HiSeq 2000,SINGLE,cDNA,TRANSCRIPTOMIC,Mus musculus,ILLUMINA,2017-12-13T00:00:00Z,GSM2631637,Brain,SRP108034,C57BL/6,brain
SRR5605079,adult mice,RNA-Seq,43,29742627,PRJNA388076,SAMN07168206,23710145,GEO,public,"fastq,sra","gs,ncbi,s3","gs.US,ncbi.public,s3.us-east-1",SRX2857673,SM22-Cre;Rosa26-stop-tdTomato,GSM2631638,Illumina HiSeq 2000,SINGLE,cDNA,TRANSCRIPTOMIC,Mus musculus,ILLUMINA,2017-12-13T00:00:00Z,GSM2631638,Brain,SRP108034,C57BL/6,brain
SRR5605080,adult mice,RNA-Seq,43,39057115,PRJNA388076,SAMN07168205,30982687,GEO,public,"fastq,sra","gs,ncbi,s3","gs.US,ncbi.public,s3.us-east-1",SRX2857674,SM22-Cre;Rosa26-stop-tdTomato,GSM2631639,Illumina HiSeq 2000,SINGLE,cDNA,TRANSCRIPTOMIC,Mus musculus,ILLUMINA,2017-12-13T00:00:00Z,GSM2631639,Brain,SRP108034,C57BL/6,brain
SRR5605081,adult mice,RNA-Seq,43,34990691,PRJNA388076,SAMN07168203,27826051,GEO,public,"fastq,sra","gs,ncbi,s3","gs.US,ncbi.public,s3.us-east-1",SRX2857675,SM22-Cre;Rosa26-stop-tdTomato,GSM2631640,Illumina HiSeq 2000,SINGLE,cDNA,TRANSCRIPTOMIC,Mus musculus,ILLUMINA,2017-12-13T00:00:00Z,GSM2631640,Brain,SRP108034,C57BL/6,brain
SRR5605082,adult mice,RNA-Seq,43,23590101,PRJNA388076,SAMN07168202,18826616,GEO,public,"fastq,sra","gs,ncbi,s3","gs.US,ncbi.public,s3.us-east-1",SRX2857676,SM22-Cre;Rosa26-stop-tdTomato,GSM2631641,Illumina HiSeq 2000,SINGLE,cDNA,TRANSCRIPTOMIC,Mus musculus,ILLUMINA,2017-12-13T00:00:00Z,GSM2631641,Brain,SRP108034,C57BL/6,brain
SRR5605083,adult mice,RNA-Seq,43,25707765,PRJNA388076,SAMN07168201,20560614,GEO,public,"fastq,sra","gs,ncbi,s3","gs.US,ncbi.public,s3.us-east-1",SRX2857677,SM22-Cre;Rosa26-stop-tdTomato,GSM2631642,Illumina HiSeq 2000,SINGLE,cDNA,TRANSCRIPTOMIC,Mus musculus,ILLUMINA,2017-12-13T00:00:00Z,GSM2631642,Brain,SRP108034,C57BL/6,brain
SRR5605084,adult mice,RNA-Seq,43,24513397,PRJNA388076,SAMN07168200,19983598,GEO,public,"fastq,sra","gs,ncbi,s3","gs.US,ncbi.public,s3.us-east-1",SRX2857678,SM22-Cre;Rosa26-stop-tdTomato,GSM2631643,Illumina HiSeq 2000,SINGLE,cDNA,TRANSCRIPTOMIC,Mus musculus,ILLUMINA,2017-12-13T00:00:00Z,GSM2631643,Brain,SRP108034,C57BL/6,brain
SRR5605085,adult mice,RNA-Seq,43,21348038,PRJNA388076,SAMN07168199,17083046,GEO,public,"fastq,sra","gs,ncbi,s3","gs.US,ncbi.public,s3.us-east-1",SRX2857679,SM22-Cre;Rosa26-stop-tdTomato,GSM2631644,Illumina HiSeq 2000,SINGLE,cDNA,TRANSCRIPTOMIC,Mus musculus,ILLUMINA,2017-12-13T00:00:00Z,GSM2631644,Brain,SRP108034,C57BL/6,brain
SRR5605086,adult mice,RNA-Seq,43,32224458,PRJNA388076,SAMN07168198,25752336,GEO,public,"fastq,sra","gs,ncbi,s3","gs.US,ncbi.public,s3.us-east-1",SRX2857680,SM22-Cre;Rosa26-stop-tdTomato,GSM2631645,Illumina HiSeq 2000,SINGLE,cDNA,TRANSCRIPTOMIC,Mus musculus,ILLUMINA,2017-12-13T00:00:00Z,GSM2631645,Brain,SRP108034,C57BL/6,brain
SRR5605087,adult mice,RNA-Seq,43,31068360,PRJNA388076,SAMN07168197,24750547,GEO,public,"fastq,sra","gs,ncbi,s3","gs.US,ncbi.public,s3.us-east-1",SRX2857681,SM22-Cre;Rosa26-stop-tdTomato,GSM2631646,Illumina HiSeq 2000,SINGLE,cDNA,TRANSCRIPTOMIC,Mus musculus,ILLUMINA,2017-12-13T00:00:00Z,GSM2631646,Brain,SRP108034,C57BL/6,brain
SRR5605088,adult mice,RNA-Seq,43,29566456,PRJNA388076,SAMN07168196,23640044,GEO,public,"fastq,sra","gs,ncbi,s3","gs.US,ncbi.public,s3.us-east-1",SRX2857682,SM22-Cre;Rosa26-stop-tdTomato,GSM2631647,Illumina HiSeq 2000,SINGLE,cDNA,TRANSCRIPTOMIC,Mus musculus,ILLUMINA,2017-12-13T00:00:00Z,GSM2631647,Brain,SRP108034,C57BL/6,brain
SRR5605089,adult mice,RNA-Seq,43,27039518,PRJNA388076,SAMN07168195,21866410,GEO,public,"fastq,sra","gs,ncbi,s3","gs.US,ncbi.public,s3.us-east-1",SRX2857683,SM22-Cre;Rosa26-stop-tdTomato,GSM2631648,Illumina HiSeq 2000,SINGLE,cDNA,TRANSCRIPTOMIC,Mus musculus,ILLUMINA,2017-12-13T00:00:00Z,GSM2631648,Brain,SRP108034,C57BL/6,brain
SRR5605090,adult mice,RNA-Seq,43,35549605,PRJNA388076,SAMN07168194,28338615,GEO,public,"fastq,sra","gs,ncbi,s3","gs.US,ncbi.public,s3.us-east-1",SRX2857684,SM22-Cre;Rosa26-stop-tdTomato,GSM2631649,Illumina HiSeq 2000,SINGLE,cDNA,TRANSCRIPTOMIC,Mus musculus,ILLUMINA,2017-12-13T00:00:00Z,GSM2631649,Brain,SRP108034,C57BL/6,brain
SRR5605091,adult mice,RNA-Seq,43,27936369,PRJNA388076,SAMN07168193,22676442,GEO,public,"fastq,sra","gs,ncbi,s3","gs.US,ncbi.public,s3.us-east-1",SRX2857685,SM22-Cre;Rosa26-stop-tdTomato,GSM2631650,Illumina HiSeq 2000,SINGLE,cDNA,TRANSCRIPTOMIC,Mus musculus,ILLUMINA,2017-12-13T00:00:00Z,GSM2631650,Brain,SRP108034,C57BL/6,brain
SRR5605092,adult mice,RNA-Seq,43,36568189,PRJNA388076,SAMN07168192,29009482,GEO,public,"fastq,sra","gs,ncbi,s3","gs.US,ncbi.public,s3.us-east-1",SRX2857686,SM22-Cre;Rosa26-stop-tdTomato,GSM2631651,Illumina HiSeq 2000,SINGLE,cDNA,TRANSCRIPTOMIC,Mus musculus,ILLUMINA,2017-12-13T00:00:00Z,GSM2631651,Brain,SRP108034,C57BL/6,brain
SRR5605093,adult mice,RNA-Seq,43,20162743,PRJNA388076,SAMN07168191,16943533,GEO,public,"fastq,sra","gs,ncbi,s3","gs.US,ncbi.public,s3.us-east-1",SRX2857687,SM22-Cre;Rosa26-stop-tdTomato,GSM2631652,Illumina HiSeq 2000,SINGLE,cDNA,TRANSCRIPTOMIC,Mus musculus,ILLUMINA,2017-12-13T00:00:00Z,GSM2631652,Brain,SRP108034,C57BL/6,brain
SRR5605094,adult mice,RNA-Seq,43,35386205,PRJNA388076,SAMN07168190,28102297,GEO,public,"fastq,sra","gs,ncbi,s3","gs.US,ncbi.public,s3.us-east-1",SRX2857688,SM22-Cre;Rosa26-stop-tdTomato,GSM2631653,Illumina HiSeq 2000,SINGLE,cDNA,TRANSCRIPTOMIC,Mus musculus,ILLUMINA,2017-12-13T00:00:00Z,GSM2631653,Brain,SRP108034,C57BL/6,brain
SRR5605095,adult mice,RNA-Seq,43,40392007,PRJNA388076,SAMN07168189,32027347,GEO,public,"fastq,sra","gs,ncbi,s3","gs.US,ncbi.public,s3.us-east-1",SRX2857689,SM22-Cre;Rosa26-stop-tdTomato,GSM2631654,Illumina HiSeq 2000,SINGLE,cDNA,TRANSCRIPTOMIC,Mus musculus,ILLUMINA,2017-12-13T00:00:00Z,GSM2631654,Brain,SRP108034,C57BL/6,brain
SRR5605096,adult mice,RNA-Seq,43,30779142,PRJNA388076,SAMN07168188,25016377,GEO,public,"fastq,sra","gs,ncbi,s3","gs.US,ncbi.public,s3.us-east-1",SRX2857690,SM22-Cre;Rosa26-stop-tdTomato,GSM2631655,Illumina HiSeq 2000,SINGLE,cDNA,TRANSCRIPTOMIC,Mus musculus,ILLUMINA,2017-12-13T00:00:00Z,GSM2631655,Brain,SRP108034,C57BL/6,brain
SRR5605097,adult mice,RNA-Seq,43,40356489,PRJNA388076,SAMN07168187,32085333,GEO,public,"fastq,sra","gs,ncbi,s3","gs.US,ncbi.public,s3.us-east-1",SRX2857691,SM22-Cre;Rosa26-stop-tdTomato,GSM2631656,Illumina HiSeq 2000,SINGLE,cDNA,TRANSCRIPTOMIC,Mus musculus,ILLUMINA,2017-12-13T00:00:00Z,GSM2631656,Brain,SRP108034,C57BL/6,brain
SRR5605098,adult mice,RNA-Seq,43,37858146,PRJNA388076,SAMN07168186,30069706,GEO,public,"fastq,sra","gs,ncbi,s3","gs.US,ncbi.public,s3.us-east-1",SRX2857692,SM22-Cre;Rosa26-stop-tdTomato,GSM2631657,Illumina HiSeq 2000,SINGLE,cDNA,TRANSCRIPTOMIC,Mus musculus,ILLUMINA,2017-12-13T00:00:00Z,GSM2631657,Brain,SRP108034,C57BL/6,brain
SRR5605099,adult mice,RNA-Seq,43,43121733,PRJNA388076,SAMN07168321,34199877,GEO,public,"fastq,sra","gs,ncbi,s3","gs.US,ncbi.public,s3.us-east-1",SRX2857693,SM22-Cre;Rosa26-stop-tdTomato,GSM2631658,Illumina HiSeq 2000,SINGLE,cDNA,TRANSCRIPTOMIC,Mus musculus,ILLUMINA,2017-12-13T00:00:00Z,GSM2631658,Brain,SRP108034,C57BL/6,brain
SRR5605100,adult mice,RNA-Seq,43,44891011,PRJNA388076,SAMN07168421,35540808,GEO,public,"fastq,sra","gs,ncbi,s3","gs.US,ncbi.public,s3.us-east-1",SRX2857694,SM22-Cre;Rosa26-stop-tdTomato,GSM2631659,Illumina HiSeq 2000,SINGLE,cDNA,TRANSCRIPTOMIC,Mus musculus,ILLUMINA,2017-12-13T00:00:00Z,GSM2631659,Brain,SRP108034,C57BL/6,brain
SRR5605101,adult mice,RNA-Seq,43,41489152,PRJNA388076,SAMN07168420,32824056,GEO,public,"fastq,sra","gs,ncbi,s3","gs.US,ncbi.public,s3.us-east-1",SRX2857695,SM22-Cre;Rosa26-stop-tdTomato,GSM2631660,Illumina HiSeq 2000,SINGLE,cDNA,TRANSCRIPTOMIC,Mus musculus,ILLUMINA,2017-12-13T00:00:00Z,GSM2631660,Brain,SRP108034,C57BL/6,brain
SRR5605102,adult mice,RNA-Seq,43,28346245,PRJNA388076,SAMN07168419,22540455,GEO,public,"fastq,sra","gs,ncbi,s3","gs.US,ncbi.public,s3.us-east-1",SRX2857696,SM22-Cre;Rosa26-stop-tdTomato,GSM2631661,Illumina HiSeq 2000,SINGLE,cDNA,TRANSCRIPTOMIC,Mus musculus,ILLUMINA,2017-12-13T00:00:00Z,GSM2631661,Brain,SRP108034,C57BL/6,brain
SRR5605103,adult mice,RNA-Seq,43,37104184,PRJNA388076,SAMN07168418,29483753,GEO,public,"fastq,sra","gs,ncbi,s3","gs.US,ncbi.public,s3.us-east-1",SRX2857697,SM22-Cre;Rosa26-stop-tdTomato,GSM2631662,Illumina HiSeq 2000,SINGLE,cDNA,TRANSCRIPTOMIC,Mus musculus,ILLUMINA,2017-12-13T00:00:00Z,GSM2631662,Brain,SRP108034,C57BL/6,brain
SRR5605104,adult mice,RNA-Seq,43,42182355,PRJNA388076,SAMN07168417,33389360,GEO,public,"fastq,sra","gs,ncbi,s3","gs.US,ncbi.public,s3.us-east-1",SRX2857698,SM22-Cre;Rosa26-stop-tdTomato,GSM2631663,Illumina HiSeq 2000,SINGLE,cDNA,TRANSCRIPTOMIC,Mus musculus,ILLUMINA,2017-12-13T00:00:00Z,GSM2631663,Brain,SRP108034,C57BL/6,brain
SRR5605105,adult mice,RNA-Seq,43,29560651,PRJNA388076,SAMN07168416,24051003,GEO,public,"fastq,sra","gs,ncbi,s3","gs.US,ncbi.public,s3.us-east-1",SRX2857699,SM22-Cre;Rosa26-stop-tdTomato,GSM2631664,Illumina HiSeq 2000,SINGLE,cDNA,TRANSCRIPTOMIC,Mus musculus,ILLUMINA,2017-12-13T00:00:00Z,GSM2631664,Brain,SRP108034,C57BL/6,brain
SRR5605106,adult mice,RNA-Seq,43,33473909,PRJNA388076,SAMN07168415,26751252,GEO,public,"fastq,sra","gs,ncbi,s3","gs.US,ncbi.public,s3.us-east-1",SRX2857700,SM22-Cre;Rosa26-stop-tdTomato,GSM2631665,Illumina HiSeq 2000,SINGLE,cDNA,TRANSCRIPTOMIC,Mus musculus,ILLUMINA,2017-12-13T00:00:00Z,GSM2631665,Brain,SRP108034,C57BL/6,brain
SRR5605107,adult mice,RNA-Seq,43,42472820,PRJNA388076,SAMN07168414,33605964,GEO,public,"fastq,sra","gs,ncbi,s3","gs.US,ncbi.public,s3.us-east-1",SRX2857701,SM22-Cre;Rosa26-stop-tdTomato,GSM2631666,Illumina HiSeq 2000,SINGLE,cDNA,TRANSCRIPTOMIC,Mus musculus,ILLUMINA,2017-12-13T00:00:00Z,GSM2631666,Brain,SRP108034,C57BL/6,brain
SRR5605108,adult mice,RNA-Seq,43,37628182,PRJNA388076,SAMN07168413,29856306,GEO,public,"fastq,sra","gs,ncbi,s3","gs.US,ncbi.public,s3.us-east-1",SRX2857702,SM22-Cre;Rosa26-stop-tdTomato,GSM2631667,Illumina HiSeq 2000,SINGLE,cDNA,TRANSCRIPTOMIC,Mus musculus,ILLUMINA,2017-12-13T00:00:00Z,GSM2631667,Brain,SRP108034,C57BL/6,brain
SRR5605109,adult mice,RNA-Seq,43,32917532,PRJNA388076,SAMN07168412,26121357,GEO,public,"fastq,sra","gs,ncbi,s3","gs.US,ncbi.public,s3.us-east-1",SRX2857703,SM22-Cre;Rosa26-stop-tdTomato,GSM2631668,Illumina HiSeq 2000,SINGLE,cDNA,TRANSCRIPTOMIC,Mus musculus,ILLUMINA,2017-12-13T00:00:00Z,GSM2631668,Brain,SRP108034,C57BL/6,brain
SRR5605110,adult mice,RNA-Seq,43,33811760,PRJNA388076,SAMN07168411,26985706,GEO,public,"fastq,sra","gs,ncbi,s3","gs.US,ncbi.public,s3.us-east-1",SRX2857704,SM22-Cre;Rosa26-stop-tdTomato,GSM2631669,Illumina HiSeq 2000,SINGLE,cDNA,TRANSCRIPTOMIC,Mus musculus,ILLUMINA,2017-12-13T00:00:00Z,GSM2631669,Brain,SRP108034,C57BL/6,brain
SRR5605111,adult mice,RNA-Seq,43,38533117,PRJNA388076,SAMN07168410,30551243,GEO,public,"fastq,sra","gs,ncbi,s3","gs.US,ncbi.public,s3.us-east-1",SRX2857705,SM22-Cre;Rosa26-stop-tdTomato,GSM2631670,Illumina HiSeq 2000,SINGLE,cDNA,TRANSCRIPTOMIC,Mus musculus,ILLUMINA,2017-12-13T00:00:00Z,GSM2631670,Brain,SRP108034,C57BL/6,brain
SRR5605112,adult mice,RNA-Seq,43,14453590,PRJNA388076,SAMN07168409,12727767,GEO,public,"fastq,sra","gs,ncbi,s3","gs.US,ncbi.public,s3.us-east-1",SRX2857706,SM22-Cre;Rosa26-stop-tdTomato,GSM2631671,Illumina HiSeq 2000,SINGLE,cDNA,TRANSCRIPTOMIC,Mus musculus,ILLUMINA,2017-12-13T00:00:00Z,GSM2631671,Brain,SRP108034,C57BL/6,brain
SRR5605113,adult mice,RNA-Seq,43,35569729,PRJNA388076,SAMN07168408,28274175,GEO,public,"fastq,sra","gs,ncbi,s3","gs.US,ncbi.public,s3.us-east-1",SRX2857707,SM22-Cre;Rosa26-stop-tdTomato,GSM2631672,Illumina HiSeq 2000,SINGLE,cDNA,TRANSCRIPTOMIC,Mus musculus,ILLUMINA,2017-12-13T00:00:00Z,GSM2631672,Brain,SRP108034,C57BL/6,brain
SRR5605114,adult mice,RNA-Seq,43,29562758,PRJNA388076,SAMN07168407,24149150,GEO,public,"fastq,sra","gs,ncbi,s3","gs.US,ncbi.public,s3.us-east-1",SRX2857708,SM22-Cre;Rosa26-stop-tdTomato,GSM2631673,Illumina HiSeq 2000,SINGLE,cDNA,TRANSCRIPTOMIC,Mus musculus,ILLUMINA,2017-12-13T00:00:00Z,GSM2631673,Brain,SRP108034,C57BL/6,brain
SRR5605115,adult mice,RNA-Seq,43,31343904,PRJNA388076,SAMN07168406,25338860,GEO,public,"fastq,sra","gs,ncbi,s3","gs.US,ncbi.public,s3.us-east-1",SRX2857709,SM22-Cre;Rosa26-stop-tdTomato,GSM2631674,Illumina HiSeq 2000,SINGLE,cDNA,TRANSCRIPTOMIC,Mus musculus,ILLUMINA,2017-12-13T00:00:00Z,GSM2631674,Brain,SRP108034,C57BL/6,brain
SRR5605116,adult mice,RNA-Seq,43,41155429,PRJNA388076,SAMN07168405,32651867,GEO,public,"fastq,sra","gs,ncbi,s3","gs.US,ncbi.public,s3.us-east-1",SRX2857710,SM22-Cre;Rosa26-stop-tdTomato,GSM2631675,Illumina HiSeq 2000,SINGLE,cDNA,TRANSCRIPTOMIC,Mus musculus,ILLUMINA,2017-12-13T00:00:00Z,GSM2631675,Brain,SRP108034,C57BL/6,brain
SRR5605117,adult mice,RNA-Seq,43,33824918,PRJNA388076,SAMN07168404,27264581,GEO,public,"fastq,sra","gs,ncbi,s3","gs.US,ncbi.public,s3.us-east-1",SRX2857711,SM22-Cre;Rosa26-stop-tdTomato,GSM2631676,Illumina HiSeq 2000,SINGLE,cDNA,TRANSCRIPTOMIC,Mus musculus,ILLUMINA,2017-12-13T00:00:00Z,GSM2631676,Brain,SRP108034,C57BL/6,brain
SRR5605118,adult mice,RNA-Seq,43,29427265,PRJNA388076,SAMN07168403,24237978,GEO,public,"fastq,sra","gs,ncbi,s3","gs.US,ncbi.public,s3.us-east-1",SRX2857712,SM22-Cre;Rosa26-stop-tdTomato,GSM2631677,Illumina HiSeq 2000,SINGLE,cDNA,TRANSCRIPTOMIC,Mus musculus,ILLUMINA,2017-12-13T00:00:00Z,GSM2631677,Brain,SRP108034,C57BL/6,brain
SRR5605119,adult mice,RNA-Seq,43,41106968,PRJNA388076,SAMN07168402,32601239,GEO,public,"fastq,sra","gs,ncbi,s3","gs.US,ncbi.public,s3.us-east-1",SRX2857713,SM22-Cre;Rosa26-stop-tdTomato,GSM2631678,Illumina HiSeq 2000,SINGLE,cDNA,TRANSCRIPTOMIC,Mus musculus,ILLUMINA,2017-12-13T00:00:00Z,GSM2631678,Brain,SRP108034,C57BL/6,brain
